date,tavg,tmin,tmax,prcp,snow,wdir,wspd,wpgt,pres,tsun
2021-01-01,17.9,16.2,20,0,,359,8.4,,1021.8,
2021-01-02,17.4,15.8,19.8,0,,27,7.7,,1019.4,
2021-01-03,18.2,16.6,19.8,0,,95,6.3,,1017.1,
2021-01-04,18.4,16.6,19.7,0,,222,8.2,,1014.4,
2021-01-05,20.2,18.1,23.7,0,,262,8,,1013,
2021-01-06,18.9,18.3,24.1,0,,250,8,,1006.5,
2021-01-07,21.2,18.1,25.4,5.6,,243,8,,1004.8,
2021-01-08,17.7,14.4,20.8,43.9,,308,15.7,,1010.1,
2021-01-09,15.6,13.2,18.3,8.9,,327,16,,1020.1,
2021-01-10,16.7,14.5,20.4,4.7,,315,14.6,,1023.4,
2021-01-11,15.9,14.3,19,2.8,,339,11.9,,1024.2,
2021-01-12,16.4,14,20.3,4.2,,5,6.9,,1025.5,
2021-01-13,16.9,14.2,20.2,0,,22,8.3,,1027.8,
2021-01-14,16.5,14.6,19.9,0,,18,9.3,,1028.7,
2021-01-15,17.3,16.4,19.4,0,,23,9,,1027.6,
2021-01-16,17.9,16.8,21.2,0,,40,10.6,,1026.1,
2021-01-17,18,15.3,20.6,0,,49,9,,1026.1,
2021-01-18,16.7,14,20.5,0,,342,7.9,,1025.9,
2021-01-19,16.7,14.1,20.8,0,,262,7.9,,1025.2,
2021-01-20,17.1,14.4,21.4,0,,234,7.2,,1023.6,
2021-01-21,18.3,15.3,23,0,,236,6,,1025,
2021-01-22,19.6,16.6,23.7,0,,28,7.7,,1026.2,
2021-01-23,18.9,17.2,21.9,0,,63,7.9,,1024.9,
2021-01-24,18.4,16.2,21.8,0,,19,6.6,,1022.7,
2021-01-25,18.5,16,22,0,,19,8.9,,1023.5,
2021-01-26,17.9,15.4,22,0,,3,9.1,,1024.6,
2021-01-27,18.2,15.9,21.8,0,,315,7.6,,1022.4,
2021-01-28,18.7,15.2,24.8,0,,236,6.4,,1022.1,
2021-01-29,18.9,15.4,23.1,0,,262,6,,1023.8,
2021-01-30,18.7,15.8,22.4,0,,357,7.9,,1025.5,
2021-01-31,20.3,17,25.6,0,,10,7.7,,1024.7,
2021-02-01,19.5,17,22.5,0,,350,6.9,,1022.2,
2021-02-02,18.1,15.6,21.2,0,,356,6.5,,1020.4,
2021-02-03,17.8,14.8,22,0,,297,7.9,,1018.3,
2021-02-04,16.7,14,18.9,10.1,,305,14.3,,1014.8,
2021-02-05,13.5,11.8,17.2,30.8,,333,14.2,,1013.9,
2021-02-06,15.8,13.4,19.8,1.5,,310,14.8,,1019.3,
2021-02-07,17.5,14.9,22,0,,310,10.1,,1022.4,
2021-02-08,17.8,14.6,21.5,0,,269,8.4,,1022.1,
2021-02-09,18.6,15.6,22.3,0,,258,8.4,,1021.3,
2021-02-10,16.1,14.8,22.6,0,,247,7.3,,1021.5,
2021-02-11,18.9,15.8,23.5,0,,304,7.9,,1022.2,
2021-02-12,19.6,17.5,23.2,0,,18,8.3,,1023.7,
2021-02-13,20.1,16.3,21.7,0,,34,9,,1023.3,
2021-02-14,17.5,14.5,21,0,,341,8.4,,1021.9,
2021-02-15,18.8,14.8,24.2,0,,260,7.6,,1022.3,
2021-02-16,20.6,16.9,23.4,0,,85,9.8,,1022.9,
2021-02-17,18.6,16,22.5,0,,70,7.8,,1020.5,
2021-02-18,17.9,14.9,21.4,0,,353,9.2,,1019.5,
2021-02-19,15.8,14.7,22.2,0,,253,7.2,,1019.2,
2021-02-20,18.5,14.9,22.9,7,,272,10.7,,1014.8,
2021-02-21,19,16.9,23.3,0,,293,12.7,,1017.9,
2021-02-22,18.4,15.5,22.4,0,,240,7.6,,1022.5,
2021-02-23,18.7,15.6,22.4,0,,13,8.9,,1024.3,
2021-02-24,19.6,16.1,23.4,0,,2,8.8,,1024.7,
2021-02-25,18.4,16.4,20.3,2.2,,26,10.8,,1027.5,
2021-02-26,18.1,16.3,21,0,,354,12.8,,1026.7,
2021-02-27,17,14.9,19.8,0.8,,336,14.9,,1022.2,
2021-02-28,17.5,14.8,21.4,2,,324,10.8,,1016.8,
2021-03-01,18.9,15.9,22.4,0.2,,334,11.6,,1018.6,
2021-03-02,17.9,15.7,21.5,0,,39,9.1,,1022,
2021-03-03,18.7,15.5,22.5,0,,21,7.7,,1022.5,
2021-03-04,18.9,15.4,24.1,0,,353,8.8,,1020.4,
2021-03-05,19.6,17.5,23.2,2.4,,334,13.4,,1018.8,
2021-03-06,18.3,15.1,21.1,1.2,,334,13.7,,1021.2,
2021-03-07,18.9,17.2,21.8,0.8,,333,15.6,,1023.8,
2021-03-08,18.6,16.4,22.2,4.6,,330,13.6,,1020.7,
2021-03-09,18,15.7,21.1,0,,343,15,,1021.5,
2021-03-10,18.1,16.6,21.1,0,,3,11.9,,1023.2,
2021-03-11,18.6,16.3,21.5,0,,43,10.9,,1024.4,
2021-03-12,18,15.4,21,0,,44,9.3,,1023.9,
2021-03-13,18.1,14.9,21.5,0,,68,10,,1021.8,
2021-03-14,19.1,17.5,21.9,0,,63,9.7,,1020.4,
2021-03-15,19.6,17,23.1,0,,344,9.9,,1018.8,
2021-03-16,19.4,15.5,22.9,0,,28,9.6,,1017.9,
2021-03-17,19.4,15.2,24.5,0,,2,10,,1016.7,
2021-03-18,19.8,17.3,23,0,,341,13.2,,1016.9,
2021-03-19,19.7,17.2,23.4,0,,330,15.9,,1017.6,
2021-03-20,18.6,16.1,22.1,0,,333,14,,1018.7,
2021-03-21,18.6,16.1,21.5,0,,8,10.2,,1019.1,
2021-03-22,17.9,16.2,20.5,0,,39,9.7,,1018.4,
2021-03-23,18.6,14.2,23.7,0,,18,8.6,,1019.5,
2021-03-24,20.5,16.8,25,0,,271,7.8,,1019.8,
2021-03-25,23.9,18.9,29.6,0,,229,8.2,,1016.1,
2021-03-26,21.4,18.5,24.2,0,,303,10.5,,1012,
2021-03-27,19.8,17.4,22.8,0.4,,275,8.7,,1013.4,
2021-03-28,19.6,17.1,23.4,4.2,,245,7.6,,1013.9,
2021-03-29,19.8,17.5,23.2,0.2,,293,10.1,,1014.9,
2021-03-30,19.5,16,23,0,,196,8.1,,1015,
2021-03-31,19.8,16.7,24.7,0,,277,10.5,,1011.4,
2021-04-01,20.4,17.4,24,0,,292,10,,1016.8,
2021-04-02,19.6,16.7,22.3,0,,40,10.3,,1019.7,
2021-04-03,19.7,16.9,23.3,0,,33,9.6,,1018.4,
2021-04-04,19.4,16.9,21.9,0,,35,10.3,,1017.6,
2021-04-05,19.3,16.9,22.6,0,,11,9.4,,1017.9,
2021-04-06,18.9,16,22.6,0,,53,6.9,,1016.8,
2021-04-07,19.9,17,23.7,0,,175,5.8,,1016.8,
2021-04-08,20.9,17.7,24.1,0,,202,6.6,,1018.5,
2021-04-09,21.7,19.2,24.7,0,,238,6.9,,1017.4,
2021-04-10,20.3,17.5,22.4,0,,68,8.1,,1016.8,
2021-04-11,19.9,16.5,23,0,,129,6.8,,1018.1,
2021-04-12,20.8,17.9,23.8,0,,113,6.9,,1019.7,
2021-04-13,21.2,18.4,24.2,0,,223,6.9,,1019.6,
2021-04-14,22.2,19.8,25.8,0,,280,9.8,,1017.7,
2021-04-15,21.4,19.6,24.7,1.2,,317,13.7,,1017,
2021-04-16,20.9,18.5,23.9,0,,347,12.5,,1017.6,
2021-04-17,21.1,19.6,23.3,0,,2,11.4,,1019.3,
2021-04-18,21.4,18,25.7,0,,14,9.1,,1020,
2021-04-19,21.4,17.2,25.5,0,,38,8.7,,1019.6,
2021-04-20,21.6,18.6,26.1,0,,341,11.6,,1018.2,
2021-04-21,21.9,18.3,26.5,0,,344,10.5,,1017.2,
2021-04-22,20.6,17.5,23.8,0,,276,8.7,,1016.7,
2021-04-23,20.9,18.6,24,0,,251,8.9,,1015.1,
2021-04-24,21.2,18.5,24.7,2.4,,277,14.9,,1013.4,
2021-04-25,20.6,17.6,24.1,0,,286,14.2,,1012.1,
2021-04-26,20.6,18.6,22.9,0,,284,12.3,,1012.9,
2021-04-27,21,18.9,24.5,0,,260,9.1,,1012.8,
2021-04-28,20.5,17.8,23.1,0,,137,7.6,,1013.2,
2021-04-29,20,17.5,23.4,8,,33,6.9,,1013.5,
2021-04-30,19.9,17.6,23.2,0,,318,13.1,,1014.9,
2021-05-01,19.9,18,23.9,0,,13,9.9,,1017.7,
2021-05-02,19.6,17.7,22.9,0.2,,20,9.9,,1017.8,
2021-05-03,20.2,17.7,23.6,0,,11,9.7,,1017.6,
2021-05-04,19.9,18.4,22.5,0,,11,11.2,,1018.5,
2021-05-05,20.3,18.5,23.1,0,,351,12.4,,1019.9,
2021-05-06,20.8,16.8,24.8,0,,12,10.6,,1019.4,
2021-05-07,20.8,17.5,25.5,0,,31,10.2,,1019.2,
2021-05-08,21.6,18.9,24.9,0,,333,12.7,,1018.4,
2021-05-09,21.6,18.6,24.5,0,,278,11.5,,1017.9,
2021-05-10,21.7,20.1,24.9,0,,11,11.6,,1019.1,
2021-05-11,21.1,18.8,24.3,0,,25,11.4,,1022.5,
2021-05-12,21,17.6,24.8,0,,12,10.2,,1022.9,
2021-05-13,21.1,19.1,24.9,0,,0,12,,1021.7,
2021-05-14,21.1,19.1,24.9,0,,339,16.2,,1019.5,
2021-05-15,21.9,19.7,25.6,0,,328,19.3,,1016.8,
2021-05-16,23.8,20.8,28.3,0,,351,12.2,,1017.1,
2021-05-17,22.2,20.3,26.2,0,,52,9.3,,1019,
2021-05-18,22.6,19.2,27.4,0,,22,10.6,,1019.8,
2021-05-19,22.3,20,25.3,0,,339,15.1,,1019.1,
2021-05-20,25.6,20.3,30.9,0,,329,11.7,,1016.8,
2021-05-21,26.9,24.2,30.6,0,,359,9.9,,1015.7,
2021-05-22,24.5,21,27.3,0,,342,11.1,,1015.5,
2021-05-23,21,19.2,23.8,0,,19,14.6,,1021.2,
2021-05-24,20.1,18.9,23.1,0,,12,12.8,,1022.1,
2021-05-25,21,19.2,23.7,0,,358,14,,1022,
2021-05-26,20.9,18.8,23.8,0,,348,13.9,,1020.1,
2021-05-27,22.3,19.1,24.6,0,,345,13.6,,1017,
2021-05-28,21.7,19.1,26,0,,332,13.1,,1016.2,
2021-05-29,21.8,17.5,26.6,0,,15,9.9,,1017.4,
2021-05-30,22,19.9,25.3,0,,2,12.2,,1017.1,
2021-05-31,21.5,18.7,25.6,0,,25,10.4,,1016.8,
2021-06-01,20.6,17.6,26.4,0,,29,11.3,,1015.8,
2021-06-02,21.4,18.6,24.9,0,,32,10.3,,1016.6,
2021-06-03,21.5,19.7,24,0,,36,10.9,,1020.3,
2021-06-04,20.8,18.8,23.7,0,,8,12.8,,1023.7,
2021-06-05,21.1,18.7,24.2,0,,22,12.1,,1023.7,
2021-06-06,21.8,18.6,26.1,0,,20,11.2,,1020.5,
2021-06-07,22,19,26.2,0,,75,9.1,,1018.3,
2021-06-08,22.8,20.4,26.8,0,,144,6.4,,1018.1,
2021-06-09,25.3,23.7,26.6,0,,156,6.1,,1017.7,
2021-06-10,26.4,21.9,30.7,0,,208,6.3,,1015.7,
2021-06-11,25.9,22.5,29,0,,142,7.8,,1016.1,
2021-06-12,23.8,20.8,27.6,0,,111,9.7,,1018.5,
2021-06-13,22.6,19.3,26.8,0,,58,10.4,,1020.7,
2021-06-14,23.8,19.7,28.3,0,,22,9.7,,1021,
2021-06-15,23.3,20.7,27.4,0,,324,11.5,,1018.9,
2021-06-16,23.5,21.3,27.3,0,,326,12.2,,1018.5,
2021-06-17,23.4,21.5,26.8,0,,329,12.9,,1019.4,
2021-06-18,22.4,20.2,25.2,0,,343,15,,1020.2,
2021-06-19,21.1,19.7,23.5,0,,353,13.6,,1021.7,
2021-06-20,22,19.6,25.2,0,,356,13.2,,1020.8,
2021-06-21,22.2,20.6,26.2,0,,358,12.1,,1019.2,
2021-06-22,22.3,20.6,25.4,0,,17,10.5,,1020.5,
2021-06-23,22.1,20.4,25.2,0,,6,12.7,,1020.1,
2021-06-24,22.1,20.1,25.6,0,,349,13.2,,1018.9,
2021-06-25,22.1,18.6,26.7,0,,13,11.2,,1018.9,
2021-06-26,22.4,18.4,27.6,0,,216,8.8,,1018.5,
2021-06-27,23.2,19,28.3,0,,8,8.8,,1018.8,
2021-06-28,22.7,19,26.7,0,,20,9.7,,1020.4,
2021-06-29,22.9,20.6,26.9,0,,354,12.4,,1020.7,
2021-06-30,24.5,20.9,26.6,0,,344,13.5,,1019.1,
2021-07-01,22.7,19.5,25.8,0,,78,10.1,,1018.8,
2021-07-02,24,19.4,30.2,0,,187,8.3,,1018.7,
2021-07-03,25.2,21.3,30.6,0,,206,9.3,,1019.3,
2021-07-04,24.8,21.6,28.8,0,,324,12,,1019.3,
2021-07-05,24.7,21.5,29.3,0,,232,10.1,,1018.2,
2021-07-06,24.2,21.4,29.1,0,,137,10,,1018.4,
2021-07-07,24.8,21.5,29.1,0,,99,9.8,,1019.6,
2021-07-08,23,21.4,25.9,0,,355,13.2,,1020.8,
2021-07-09,22.8,20.8,25.9,0,,333,18,,1017.2,
2021-07-10,23.3,21,27.4,0,,315,15.7,,1013.2,
2021-07-11,23.6,20.8,27.6,0,,167,7.6,,1014,
2021-07-12,26.4,23.4,30.8,0,,131,7.5,,1016.9,
2021-07-13,25.4,23.8,28.5,0,,127,9,,1018.8,
2021-07-14,26.3,23.5,31.3,0,,35,11.3,,1016.2,
2021-07-15,25.4,21.3,30.1,0,,151,8.4,,1014.3,
2021-07-16,24.5,20.5,28.2,0,,192,7.4,,1014.5,
2021-07-17,25,20.7,28.8,0,,191,7,,1015.7,
2021-07-18,26.8,22,32.3,0,,202,7.2,,1016.4,
2021-07-19,26.9,22.9,31.8,0,,198,7.7,,1015.7,
2021-07-20,24.5,21.5,28.5,0,,133,9.1,,1016.4,
2021-07-21,23.7,20.3,28.6,0,,312,13.1,,1018,
2021-07-22,24.1,21,28.7,0,,312,19.6,,1017.2,
2021-07-23,25.4,22.7,29.1,0,,329,15.8,,1014.9,
2021-07-24,25.2,22.6,28.8,0,,49,9,,1015.2,
2021-07-25,25.4,21.6,29.5,0,,146,9,,1016.7,
2021-07-26,25.6,22.6,30.5,0,,354,10.1,,1016.8,
2021-07-27,24.3,22.4,27.1,0,,350,13.8,,1015.5,
2021-07-28,24.4,21.9,28.2,0,,14,10.1,,1014.2,
2021-07-29,24.6,21.1,29.1,0,,13,9.3,,1014.7,
2021-07-30,24.8,21,29.8,0,,197,9.1,,1016.7,
2021-07-31,25.2,22.4,29.1,0,,43,9.5,,1018.1,
2021-08-01,24,22.1,27,0,,37,11.4,,1019.2,
2021-08-02,23.7,21.7,27.3,0,,16,12,,1018.3,
2021-08-03,24.6,22.1,28.2,0,,10,11.9,,1018.1,
2021-08-04,24.2,21.2,27.9,0,,25,10.7,,1019.9,
2021-08-05,24.7,22.1,28.9,0,,15,10.9,,1019.7,
2021-08-06,25.8,22.6,30.1,0,,327,12.2,,1017.1,
2021-08-07,25,22.2,29.3,0,,0,10.5,,1017,
2021-08-08,24.7,22.8,27.7,0,,15,10.5,,1018.1,
2021-08-09,24.1,21.9,27.3,0,,352,12.2,,1018.8,
2021-08-10,24.8,21.7,29.2,0,,328,11.6,,1018.6,
2021-08-11,24.3,22.2,27.5,0,,10,10.2,,1018.6,
2021-08-12,24.5,20.8,29,0,,32,9.6,,1018.4,
2021-08-13,24.8,21.2,28.3,0,,119,8,,1017.4,
2021-08-14,26.3,21.7,32.6,0,,187,6.6,,1015.3,
2021-08-15,26.9,22.9,31,0,,192,6.7,,1014,
2021-08-16,30.6,25.7,36.2,0,,209,6.9,,1014.4,
2021-08-17,30.4,26.6,35.2,0,,172,6.1,,1016.8,
2021-08-18,28.7,25.4,32.2,0,,169,6.2,,1017.5,
2021-08-19,27.9,24.6,31.3,0,,120,7.9,,1015.1,
2021-08-20,25.2,22.8,27.2,0,,122,7,,1015.9,
2021-08-21,23.9,21.9,26.2,0,,92,10.4,,1018.9,
2021-08-22,24.2,20.6,30,0,,84,10.1,,1018.9,
2021-08-23,25.3,21.4,30.1,0,,359,9.3,,1017.4,
2021-08-24,25.7,23.1,29,0,,351,11.6,,1016.4,
2021-08-25,25.4,22.3,30.1,0,,31,11.5,,1014.8,
2021-08-26,24.9,21.9,27.5,0,,81,9.3,,1014.7,
2021-08-27,25,21.8,29.7,0,,97,8,,1016.5,
2021-08-28,25.2,21.9,28.2,0,,102,7.9,,1018.3,
2021-08-29,25.4,22.5,28.8,0,,114,7.8,,1017.9,
2021-08-30,25.1,22.3,27.7,0,,93,8.7,,1016.2,
2021-08-31,26.4,22.6,31.2,0,,329,8.1,,1016.8,
2021-09-01,26.6,23.9,30.3,0,,320,9.3,,1017.8,
2021-09-02,25.7,23.5,27.7,0,,68,9.9,,1018.1,
2021-09-03,24.6,22.1,27,0,,82,9.7,,1017.3,
2021-09-04,24.3,21.9,27.3,0,,109,7,,1014.6,
2021-09-05,24.8,22.4,27.9,0,,151,6.2,,1014,
2021-09-06,25.2,22.7,28.4,0,,145,6.4,,1015.2,
2021-09-07,26.2,23.4,29.7,0,,150,7.7,,1016.7,
2021-09-08,25.8,23.2,28.5,0,,111,8.2,,1017.9,
2021-09-09,25.6,23.2,28.1,0,,91,10,,1018.3,
2021-09-10,25.7,22.5,30.6,0,,89,10,,1018,
2021-09-11,25,22.9,28.4,0,,119,8.4,,1017,
2021-09-12,25.1,23.4,27.7,0,,200,7.3,,1014.8,
2021-09-13,25.3,22.7,28.3,0,,217,8.4,,1012.6,
2021-09-14,24.8,23.2,27.1,0,,250,9,,1014.8,
2021-09-15,25.7,23,30,0,,315,11,,1018.2,
2021-09-16,25.4,23.8,28.9,0.4,,1,11,,1019.6,
2021-09-17,24.8,22.7,28.2,0.2,,29,10.1,,1018.8,
2021-09-18,25.1,22.8,27.5,0,,59,10.7,,1018.1,
2021-09-19,24.4,22.2,27.6,0,,49,11,,1019.5,
2021-09-20,24.2,22.1,28.4,0,,13,11.1,,1020.7,
2021-09-21,24.6,22,27.9,0,,358,12.2,,1018.3,
2021-09-22,24.8,22.4,27.7,0,,358,11.4,,1015.9,
2021-09-23,24.9,22.2,29.1,0,,351,10.6,,1015.1,
2021-09-24,23.8,21.7,26.5,0,,44,10.5,,1016.8,
2021-09-25,23.2,20.2,26.5,0,,58,10.3,,1018.4,
2021-09-26,24.2,22,26.5,0,,75,10.9,,1019.5,
2021-09-27,24,22.1,26.7,0,,83,9.3,,1020.8,
2021-09-28,24.6,22.3,28,0,,65,11.2,,1021.3,
2021-09-29,23.9,23,26.7,0,,19,13.3,,1021.4,
2021-09-30,25.7,22,29.4,0,,43,10.9,,1018.6,
2021-10-01,25.4,21.9,29.7,0,,120,6.9,,1017.6,
2021-10-02,25.2,22.2,29.5,0,,171,7.1,,1017.6,
2021-10-03,24.3,21.2,26.6,0,,75,9,,1018.9,
2021-10-04,23.8,21.6,27.5,0.4,,14,9.4,,1020.4,
2021-10-05,23.3,21,26.3,0,,24,10.3,,1019.8,
2021-10-06,23.4,19.7,27.3,0,,60,9.5,,1018.4,
2021-10-07,23.4,20.4,26.7,0,,101,9.5,,1018,
2021-10-08,23.8,20.7,28.2,0,,61,7.4,,1017.9,
2021-10-09,23.7,21,28.1,0,,352,9.7,,1018.3,
2021-10-10,24.1,21.6,28.2,0,,347,13.5,,1016,
2021-10-11,23.2,21.4,27.6,0,,346,9.8,,1015.5,
2021-10-12,23.6,20.9,27.4,0,,357,8.8,,1016.8,
2021-10-13,23.7,20.7,27.3,0,,26,8.8,,1017.4,
2021-10-14,23.3,20.5,27,0,,60,9.1,,1017.6,
2021-10-15,23.1,19.9,27.5,0,,38,8.7,,1018,
2021-10-16,23,20.1,26,0,,158,7.6,,1017.1,
2021-10-17,23.2,20.1,26.8,0,,143,6,,1016.6,
2021-10-18,23.9,20.5,28.6,0,,144,5.6,,1017.3,
2021-10-19,23.6,21.6,26.8,0,,204,7,,1018.1,
2021-10-20,23.8,21.8,26.4,0,,185,7.7,,1020,
2021-10-21,23.9,20.9,27.2,0,,53,9.3,,1020.8,
2021-10-22,23.7,20.8,26.3,1.8,,22,9.4,,1019.9,
2021-10-23,21.6,19.7,24.4,0,,14,8.6,,1019.2,
2021-10-24,22.4,21.1,24.8,0.2,,24,9.7,,1019.7,
2021-10-25,22.5,20.3,25.8,0.4,,13,8.9,,1019.8,
2021-10-26,22.7,21.2,25.9,0.2,,2,10.3,,1020,
2021-10-27,21.9,20.5,25.1,0.6,,7,9.5,,1019.1,
2021-10-28,22.4,20.5,25.6,0,,352,9.5,,1018.6,
2021-10-29,21.7,18.6,25.1,0,,350,9.1,,1019.2,
2021-10-30,20.9,18.2,24.6,0,,349,8.8,,1019.9,
2021-10-31,21.2,17.7,24.5,0,,229,8.8,,1022.1,
2021-11-01,21.3,18.3,24.9,0,,34,10.4,,1021.6,
2021-11-02,22.1,18.8,25.3,0,,47,8.2,,1019.8,
2021-11-03,22.6,19.4,26.6,0,,349,7.9,,1018.3,
2021-11-04,22.5,20.3,27,0.2,,11,8.6,,1017.4,
2021-11-05,21,19.6,23.5,0,,31,9,,1019.8,
2021-11-06,21.1,20.1,23.1,0,,20,10.7,,1020.1,
2021-11-07,20.7,19.7,23.3,0,,34,10.5,,1019.8,
2021-11-08,20.8,19.3,23.8,0,,27,9.1,,1019.7,
2021-11-09,20.7,17.8,23.5,0,,35,9.4,,1018,
2021-11-10,20.3,17.8,23.4,0,,34,8.2,,1017.6,
2021-11-11,20.6,19.1,22.3,0,,56,7.4,,1018.3,
2021-11-12,20.7,18.5,23.9,0,,23,8.6,,1017.2,
2021-11-13,21.3,18.2,24.6,0,,357,8.1,,1016.2,
2021-11-14,20.9,18.5,24.4,0,,25,8.3,,1017.6,
2021-11-15,20.4,17.6,23.3,0,,31,8.9,,1019.6,
2021-11-16,20.4,17.9,23.1,0,,34,9.7,,1017,
2021-11-17,20.6,18.5,23,0.6,,22,8.3,,1015.3,
2021-11-18,19.8,17.5,22.2,0,,6,7.7,,1013.8,
2021-11-19,19.8,17.2,23.4,0,,252,7.2,,1015.4,
2021-11-20,19.6,16.7,23.5,0,,220,7.7,,1018,
2021-11-21,20.3,16.8,23.3,0,,222,7.1,,1015.3,
2021-11-22,22.4,19.3,24.9,0,,187,5.8,,1015.2,
2021-11-23,21.3,19.3,23.3,0,,154,5.4,,1017.6,
2021-11-24,21,18.3,23.6,0.8,,90,6.1,,1019.6,
2021-11-25,19.9,17.7,20.7,5.4,,78,9.8,,1017.4,
2021-11-26,17.6,16.6,18.9,16.6,,23,8.5,,1014.6,
2021-11-27,18.8,16.8,21.6,3.4,,344,13.7,,1021,
2021-11-28,19,17.3,21.6,2.8,,0,11.1,,1024.9,
2021-11-29,19.3,17.1,21.7,0,,23,10.8,,1026.5,
2021-11-30,19.5,17.1,22.1,0,,41,8.8,,1025.1,
2021-12-01,18.7,16.8,21.8,2.6,,30,8.5,,1024.4,
2021-12-02,19.4,17.4,22.5,1.2,,19,10,,1024.9,
2021-12-03,19.3,18,21.4,0,,25,10.3,,1023.1,
2021-12-04,19.7,18.5,21.8,0,,71,13.6,,1024.5,
2021-12-05,19.3,17.8,21.8,0,,66,12.4,,1026,
2021-12-06,19.6,18.7,21.1,0,,67,11.9,,1024.8,
2021-12-07,19,17.9,20.1,0.8,,68,8.8,,1024.4,
2021-12-08,19,16.5,22.2,1.4,,17,8.9,,1025.7,
2021-12-09,18.9,17.4,20.5,0,,24,10.6,,1025.6,
2021-12-10,19.6,18.4,21.6,0,,54,13.2,,1024.1,
2021-12-11,18.8,16.7,22,0,,51,9.7,,1022.3,
2021-12-12,19.5,16.7,22.6,0,,30,8.1,,1020.3,
2021-12-13,18.3,15.4,22,0,,312,7.7,,1020.2,
2021-12-14,18.8,16.4,22.7,1,,267,7.8,,1016.9,
2021-12-15,18,15.9,20.9,0.8,,304,10.6,,1014.6,
2021-12-16,17.7,15,21.5,0,,310,8,,1015.4,
2021-12-17,17.6,14.7,21.4,0,,261,8.1,,1016.4,
2021-12-18,17.4,13.9,21.3,0,,243,9.4,,1015.4,
2021-12-19,19,16.3,22.5,2.2,,231,8.3,,1015.8,
2021-12-20,20.4,18.8,23.1,0,,201,8.8,,1016.4,
2021-12-21,19.8,17.6,23.1,0.9,,226,6.8,,1017.1,
2021-12-22,19.7,17.4,22.9,0,,225,6.3,,1020.5,
2021-12-23,19.6,17.4,22.4,0,,232,6.9,,1019.9,
2021-12-24,18.8,16.6,22.9,0,,238,6.9,,1018.3,
2021-12-25,19.3,17.5,22.7,0,,245,7.7,,1019.2,
2021-12-26,18.8,16.3,22.6,0,,230,5.2,,1020.6,
2021-12-27,19.3,16.9,22.7,0,,55,6.5,,1022,
2021-12-28,19.6,17.8,20.5,0,,76,8,,1022.6,
2021-12-29,19.3,17.4,22.8,0,,204,5,,1020.5,
2021-12-30,20.6,16.3,27,0,,238,7.5,,1019.2,
2021-12-31,21.1,18,26,0,,244,8.4,,1020.2,
2022-01-01,20.2,17.1,25.9,0,,266,6.5,,1023.1,
2022-01-02,20.3,18.3,24.7,0,,317,7,,1025.3,
2022-01-03,19.8,16.8,24.3,0,,313,7.5,,1024.5,
2022-01-04,19.3,16.1,22.7,0,,349,8.7,,1023.8,
2022-01-05,18.6,16.4,21.1,0.2,,2,9.4,,1024.7,
2022-01-06,18.8,17.4,20.6,0,,17,11.1,,1024.2,
2022-01-07,18.9,17.7,20.5,0.2,,23,12,,1023.2,
2022-01-08,19.1,18,21.5,0,,64,10.8,,1022.8,
2022-01-09,19.2,17.3,23.2,0,,136,8.8,,1022.8,
2022-01-10,18.6,16,21.1,0,,164,6.5,,1020.2,
2022-01-11,17.8,15.2,21.7,0,,10,8.8,,1018.8,
2022-01-12,18.7,16.6,20.8,0,,79,8.2,,1019.8,
2022-01-13,17.6,15.3,21.2,0,,224,7.5,,1019.7,
2022-01-14,18.9,15.7,24,0,,227,10.3,,1020,
2022-01-15,20.4,17.6,23,0,,199,10.9,,1019.9,
2022-01-16,19.9,18.3,21.9,3,,204,14.3,,1019.3,
2022-01-17,17.8,16.3,20.6,29.2,,194,10.8,,1021.5,
2022-01-18,18.1,16.4,20.8,0,,189,11.3,,1021.1,
2022-01-19,19.5,16.8,22.6,0,,231,11.1,,1020,
2022-01-20,20.4,17.6,23.3,0,,209,11,,1015.8,
2022-01-21,18.2,16.3,21.2,1.2,,237,6.9,,1013.3,
2022-01-22,18.4,15.8,22.5,0.2,,234,7.9,,1016.1,
2022-01-23,18.5,15.8,22.4,0,,213,6.6,,1020.3,
2022-01-24,18.6,16.9,22,3,,11,5.7,,1022.8,
2022-01-25,18.2,16.9,21.2,11,,357,10.2,,1023.6,
2022-01-26,18,15.8,21.4,8.2,,352,13.7,,1021,
2022-01-27,17.1,14.2,20.8,0.4,,348,8.2,,1018.5,
2022-01-28,16.6,14.3,20.6,6.6,,350,7,,1017.8,
2022-01-29,18.3,15.4,22,0,,329,9.3,,1018.9,
2022-01-30,17.9,15.3,21.9,0,,249,7.5,,1019.1,
2022-01-31,17.7,14.9,22.7,0,,299,8.6,,1021.1,
2022-02-01,18.4,16.3,22.4,2,,252,6.9,,1020.2,
2022-02-02,20.3,17.6,24.2,4.4,,294,8,,1020.7,
2022-02-03,21.1,17.4,26.2,0,,237,7.1,,1019.1,
2022-02-04,21,17.9,25.3,0,,252,7.7,,1018.2,
2022-02-05,19.6,16.8,24,0,,350,7.6,,1017.6,
2022-02-06,19.1,16.2,22.2,0,,36,10.6,,1018.6,
2022-02-07,18.7,16.6,21.2,0,,57,8.9,,1018.2,
2022-02-08,20.1,17.1,25.4,0,,246,8.3,,1015.8,
2022-02-09,21.1,17.8,25.9,0,,256,7.7,,1018.6,
2022-02-10,23.3,20.2,26.6,0,,245,7.8,,1021.9,
2022-02-11,22.2,18.7,25.7,0,,305,7.5,,1022.9,
2022-02-12,20.1,17.9,23.7,0,,326,10.3,,1022.9,
2022-02-13,18.7,15.5,22.6,0,,344,9.2,,1023.3,
2022-02-14,17.9,16,20.8,0.8,,7,8.6,,1024.6,
2022-02-15,18.4,16.4,21.4,0.2,,28,9.6,,1026.7,
2022-02-16,18.2,16.5,20.4,0,,60,11.8,,1027.9,
2022-02-17,18.4,15.3,21.4,0,,45,8.5,,1025.4,
2022-02-18,18.4,15.3,22.5,0,,340,9.1,,1022.8,
2022-02-19,17.8,15.3,21.2,24.4,,2,12.1,,1024.2,
2022-02-20,17.4,14.9,20.4,1,,345,15,,1024.6,
2022-02-21,17.3,14.5,20.7,0,,358,9.1,,1020.8,
2022-02-22,17.6,13.9,21.9,0,,261,7.8,,1017.4,
2022-02-23,18.4,15,22.9,0,,276,8.7,,1016.2,
2022-02-24,19.1,16.3,22.8,0.8,,310,13.2,,1017.1,
2022-02-25,18.9,17.1,21.8,12.8,,335,14,,1017.4,
2022-02-26,18,15.9,21,8.6,,340,14.5,,1018,
2022-02-27,19,17.2,21.6,0,,348,16,,1020.7,
2022-02-28,18.7,17,21.2,0,,354,13.8,,1022.9,
2022-03-01,19.3,17.5,22.3,0,,357,13.2,,1024.6,
2022-03-02,20.3,17.3,22.6,0,,0,11.1,,1026.3,
2022-03-03,19.6,18,22.8,0.6,,3,11.6,,1026.5,
2022-03-04,18.1,16.1,21.1,2.4,,358,13.2,,1025.2,
2022-03-05,17.9,16.4,20.6,0,,351,13.4,,1023.2,
2022-03-06,19.3,16.9,22.6,0,,327,13.3,,1020.3,
2022-03-07,18.7,16.3,22.6,0,,337,10.3,,1019.9,
2022-03-08,18.3,15.3,21.3,0,,26,9.5,,1020.9,
2022-03-09,18.4,16.2,21.2,0,,31,8.4,,1020.5,
2022-03-10,19.1,16.7,21.7,0,,32,9.9,,1021.4,
2022-03-11,19.3,14.5,24.4,0,,321,7.7,,1022,
2022-03-12,19.7,16,24.1,0,,317,8.9,,1021.8,
2022-03-13,19.6,16.4,23.7,1.2,,315,12.7,,1019.5,
2022-03-14,16,13.3,18.3,19.6,,321,22.9,,1015.8,
2022-03-15,16.9,13.5,20.2,8.2,,322,18.4,,1016.5,
2022-03-16,18.4,16.4,21.3,0,,330,17.5,,1021.2,
2022-03-17,18.3,16.7,21.2,0,,357,12.6,,1022.1,
2022-03-18,18.6,16.1,22.9,0,,10,9.5,,1019.4,
2022-03-19,18.7,16.9,21.3,0,,2,10.3,,1017.9,
2022-03-20,18.7,16.6,22.1,0,,327,14.3,,1018.8,
2022-03-21,18.3,15.2,22.5,0,,334,10,,1020.6,
2022-03-22,18.7,15.4,22.7,0,,330,10.3,,1020.3,
2022-03-23,18.4,16.7,21.6,0.2,,326,16.2,,1019.3,
2022-03-24,18.3,16.4,21.4,1.6,,319,15.8,,1016.8,
2022-03-25,18.5,16.3,22.1,0,,286,9.4,,1015.4,
2022-03-26,18.6,17.1,21.8,4.2,,178,8.7,,1011.7,
2022-03-27,18.8,16,22.7,0.2,,238,10,,1008.1,
2022-03-28,18.9,15.8,23.1,2.2,,257,10.9,,1009.7,
2022-03-29,19.6,16.6,23.3,0,,312,13.8,,1014.4,
2022-03-30,19.3,17.1,22.7,0,,359,10.4,,1017.8,
2022-03-31,19.4,17.1,22.5,0,,16,10.1,,1018.8,
2022-04-01,19.1,17.9,21,0,,40,11.1,,1017.5,
2022-04-02,18.8,17,22,0,,89,7.5,,1013.2,
2022-04-03,18.9,15.5,23.7,6.6,,252,9.4,,1006.4,
2022-04-04,18.3,15.7,20.9,1.6,,327,15.9,,1008.9,
2022-04-05,18.3,16,21.8,0,,336,13,,1018.6,
2022-04-06,17.8,15.6,21.4,0,,346,10.7,,1022.8,
2022-04-07,18.5,15.2,22.5,0,,29,10.3,,1024.3,
2022-04-08,19.2,16.9,22.2,0,,42,9.7,,1023.4,
2022-04-09,17.9,14.5,21.9,0,,35,10.4,,1018.7,
2022-04-10,18.4,14.9,22.3,0,,238,8.9,,1013.9,
2022-04-11,19.8,16.8,23.2,0,,269,10.2,,1014,
2022-04-12,19.9,18.2,23.5,0,,320,13,,1016.5,
2022-04-13,20,17.8,23.8,0,,347,11.8,,1017.4,
2022-04-14,19.9,17.7,23.7,0,,7,13.3,,1017.5,
2022-04-15,20.3,16.5,25.4,0,,42,10.2,,1016.9,
2022-04-16,20.3,17.9,24.7,0,,88,8.8,,1015.2,
2022-04-17,22.4,18.5,26.9,0,,157,6.6,,1013,
2022-04-18,23.3,19.3,25,0,,87,8.2,,1013.4,
2022-04-19,20.5,18.3,22.4,0,,65,11.3,,1016.7,
2022-04-20,18.9,17.4,22.4,0,,31,12.9,,1020,
2022-04-21,19.4,17.6,22.9,0,,7,11.6,,1018.9,
2022-04-22,19.4,17.4,23.3,0,,316,11.5,,1015.5,
2022-04-23,18.9,16.8,22.3,0,,274,10,,1016.3,
2022-04-24,19.9,17.6,23.5,0,,256,9.1,,1016.1,
2022-04-25,19.4,17,22,0,,232,8.5,,1013.2,
2022-04-26,19.9,17.6,23.7,0,,325,13.5,,1015.9,
2022-04-27,19.7,17.2,23.5,0,,11,10.1,,1019.5,
2022-04-28,19.8,17.3,23.3,0,,39,11.5,,1020.2,
2022-04-29,20.4,17.7,25.1,0,,24,10.5,,1019.2,
2022-04-30,21.4,18.2,26.4,0,,6,11.8,,1020.4,
2022-05-01,22.2,18.5,26.2,0,,32,10.4,,1021.8,
2022-05-02,21.3,18.8,24,0,,22,12.1,,1021.1,
2022-05-03,20.3,18,23.3,0,,5,11.9,,1018.1,
2022-05-04,20.1,18,23.5,0,,4,11.7,,1018.4,
2022-05-05,20.3,17.7,23.1,0,,35,11.2,,1020.2,
2022-05-06,20.5,16.8,25.4,0,,44,9.7,,1019.8,
2022-05-07,21.3,17.6,25.2,0,,65,8.3,,1017,
2022-05-08,21.4,17.9,25.5,0,,81,8.1,,1015.3,
2022-05-09,21.3,18,24.8,0,,132,7.7,,1015.1,
2022-05-10,23.9,19.9,28.8,0,,196,6.8,,1015.5,
2022-05-11,22.2,19.5,25.1,0,,226,9.2,,1014.6,
2022-05-12,22,19.8,25.2,0,,273,12.2,,1016.5,
2022-05-13,21.6,20.1,24.5,0,,153,8.8,,1018.5,
2022-05-14,22.1,19.5,25.9,0,,231,8.6,,1018.5,
2022-05-15,21.7,19.3,25,0,,223,9.3,,1020.1,
2022-05-16,21.4,18.1,24.3,0,,139,8.6,,1021,
2022-05-17,22.2,18.4,26.7,0,,41,9,,1020.7,
2022-05-18,23.3,19.2,28.7,0,,330,10.1,,1018.1,
2022-05-19,23.2,19.6,28.7,0,,349,12.2,,1015.7,
2022-05-20,23.3,20.7,27.1,0,,333,14.4,,1017.4,
2022-05-21,23.3,20.5,27.5,0,,356,11.9,,1019,
2022-05-22,22.5,18.6,26,0,,27,10.7,,1018.3,
2022-05-23,22.6,19,27,0,,25,10.6,,1016.4,
2022-05-24,21.6,19.4,25.8,0,,32,11,,1017.6,
2022-05-25,21.4,19.7,24.8,0,,31,11.4,,1018.9,
2022-05-26,21.7,19.2,26.1,0,,42,10.8,,1018.4,
2022-05-27,22.1,19.4,25.8,0,,346,12.1,,1017.9,
2022-05-28,21.3,18.9,24.4,0,,335,12.6,,1017.4,
2022-05-29,21.6,19.2,24.1,0,,203,8.3,,1016.1,
2022-05-30,21.8,19.1,25.1,0,,165,11.1,,1013,
2022-05-31,22.6,19.9,25.7,0.2,,55,7.7,,1013.6,
2022-06-01,22.2,20.5,24.7,0,,314,11.1,,1017.1,
2022-06-02,22.6,19.8,25.9,0,,330,15.7,,1018.4,
2022-06-03,22.6,20.4,26,0,,344,16.7,,1019.2,
2022-06-04,22.2,20.5,25.4,0,,10,17.4,,1020.7,
2022-06-05,20.4,20.1,25.5,0,,18,21.2,,1022.1,
2022-06-06,23.6,20,25.5,0,,25,20,,1021.8,
2022-06-07,23.3,18.7,28.7,0,,31,17.1,,1021.1,
2022-06-08,23.8,20.5,27.6,0,,36,17.3,,1020.2,
2022-06-09,24.7,21.2,29.6,0,,14,18.8,,1019.2,
2022-06-10,26.3,21.8,32.6,0,,341,21.6,,1018.2,
2022-06-11,24.4,21.4,29.1,0,,327,22,,1017.3,
2022-06-12,23.5,20.8,26.7,0,,2,17.2,,1017.8,
2022-06-13,22.8,20.5,25.9,0,,335,14.6,,1017.1,
2022-06-14,23.1,20.9,27,0,,299,13.7,,1015.7,
2022-06-15,23.4,19.9,28.1,0,,304,14.6,,1017.5,
2022-06-16,23.8,20.9,28.3,0,,346,13.3,,1018.4,
2022-06-17,23.9,20.4,27.8,0,,10,11,,1017.9,
2022-06-18,24,20.8,28,0,,20,10.5,,1017.9,
2022-06-19,24.2,20.4,29.7,0,,43,9.3,,1016.1,
2022-06-20,23.5,21.7,27,0,,54,10.9,,1016.8,
2022-06-21,22.7,20.7,25.6,0,,27,10.8,,1018.1,
2022-06-22,22.4,20.5,26.2,0,,10,10.2,,1019.1,
2022-06-23,22.8,19.9,27.2,0,,337,12.5,,1019.4,
2022-06-24,23,20.7,26.1,0,,342,12.8,,1020.7,
2022-06-25,22.8,21.1,26.3,0,,345,13.8,,1019,
2022-06-26,22.9,20.9,26.3,0,,350,13.2,,1018,
2022-06-27,22,20.7,25,0.2,,5,11.6,,1020.6,
2022-06-28,21.7,20.2,24.8,0,,358,13.2,,1021.6,
2022-06-29,22.2,20.5,25.2,0,,353,12.7,,1020.8,
2022-06-30,22.4,20.6,25.9,0,,350,13.5,,1018.7,
2022-07-01,21.9,19.2,25.6,0.6,,352,12.9,,1018.6,
2022-07-02,22.4,19.2,26.3,0,,349,11.7,,1020.1,
2022-07-03,23.4,20.3,26.8,0,,21,10.8,,1020.8,
2022-07-04,23.2,20.3,27.3,0,,29,10.7,,1020,
2022-07-05,23.4,20,27.2,0,,17,10.3,,1019.9,
2022-07-06,23.7,19.8,28.9,0,,26,9.2,,1019.7,
2022-07-07,24,19.5,29.5,0,,259,9,,1019,
2022-07-08,25.2,21.6,32.6,0,,228,11.2,,1017,
2022-07-09,28.6,23,34.2,0,,236,8.9,,1014.8,
2022-07-10,32.2,25.9,39.3,0,,254,9.5,,1012.9,
2022-07-11,29.6,22.4,33.9,0,,266,14.3,,1012.2,
2022-07-12,24.1,21.4,27.9,0,,312,15.3,,1014.9,
2022-07-13,23.6,20.9,27,0,,255,10.8,,1016.5,
2022-07-14,23.9,20.7,29.5,0,,203,9.5,,1015.5,
2022-07-15,24.8,21,30,0,,178,8.5,,1014.3,
2022-07-16,25.2,21.8,30.6,0,,175,9,,1014.9,
2022-07-17,25.4,21.9,30.5,0,,224,10.1,,1016.7,
2022-07-18,25.8,21.6,31.7,0,,41,10.2,,1017.2,
2022-07-19,26,21.9,31.9,0,,127,8,,1015.9,
2022-07-20,25.9,23.8,31,0,,171,6.8,,1014.4,
2022-07-21,28.2,24,32.6,0,,211,8.2,,1014.4,
2022-07-22,25.8,23,28.7,0,,142,8.7,,1013.9,
2022-07-23,25.1,22.6,29.4,0,,132,6.6,,1014.3,
2022-07-24,28.4,24.5,35.8,0,,168,6.1,,1015.5,
2022-07-25,29.6,24.8,32.9,0,,203,7.8,,1015,
2022-07-26,29.2,25,33.8,0,,145,7.1,,1016,
2022-07-27,29.9,25.4,36.2,0,,212,8,,1016.9,
2022-07-28,25.4,22.6,29.3,0,,335,14.3,,1016.5,
2022-07-29,24.9,22.9,27.7,0,,11,12.7,,1016.4,
2022-07-30,25.7,22.2,30.1,0,,27,10,,1014.9,
2022-07-31,25.7,21.9,30.4,0,,166,8,,1014.8,
2022-08-01,26.8,23.5,31.2,0,,204,8.2,,1014.1,
2022-08-02,29.7,25,36,0,,241,10.2,,1013.3,
2022-08-03,27.3,24.1,31.5,0,,200,8.5,,1012.9,
2022-08-04,25.5,22.6,28.2,0,,138,10.1,,1013.1,
2022-08-05,25.1,21.8,28.9,0,,116,9.2,,1014.1,
2022-08-06,24.4,21.7,27.7,0,,103,9.2,,1015.8,
2022-08-07,23.9,21.1,26.6,0,,99,9,,1016.7,
2022-08-08,24.1,21.2,26.4,0,,104,9.8,,1017,
2022-08-09,25.3,21.9,30.5,0,,107,9.7,,1017.6,
2022-08-10,24.2,22.1,29.7,0,,210,8.8,,1016.5,
2022-08-11,24.8,21.9,29.4,0,,325,11.6,,1015.5,
2022-08-12,24.8,21.5,29.1,0,,314,10.6,,1014.8,
2022-08-13,25.4,21.4,30.5,0,,285,8.8,,1015.3,
2022-08-14,25.8,23.2,28.8,0,,125,8.6,,1016.4,
2022-08-15,26.3,22.8,31.6,0,,34,8.3,,1015.8,
2022-08-16,26.1,23.4,29.7,0.2,,346,13.2,,1015.3,
2022-08-17,24.7,23.1,27.7,0,,17,12,,1015.3,
2022-08-18,24.3,22.6,27.3,0,,20,12.2,,1015.4,
2022-08-19,25.1,21.6,30.1,0,,332,9.4,,1015,
2022-08-20,25.9,22.1,31,0,,199,6.4,,1015.4,
2022-08-21,28.8,24.7,36.6,0,,239,7.1,,1015.9,
2022-08-22,29.8,26.6,33.4,0,,209,7.4,,1014.5,
2022-08-23,28.1,24.6,32.7,0,,145,7.9,,1013.9,
2022-08-24,25.9,23.1,30.4,0,,115,9.9,,1015.4,
2022-08-25,25.7,23.1,30.2,0,,53,10.4,,1016.8,
2022-08-26,25.2,22.6,29.8,0,,342,14,,1016.3,
2022-08-27,24.6,22.9,28,0,,353,11.5,,1014,
2022-08-28,24.5,22,28.2,0,,0,12.2,,1013.3,
2022-08-29,23.7,20.7,26.8,0,,47,11.4,,1014.8,
2022-08-30,24.6,21.8,27.3,0,,83,10.3,,1016.5,
2022-08-31,24.7,23.5,28,1.6,,94,8.5,,1016.8,
2022-09-01,24.8,23.2,27.7,0.6,,98,7.8,,1016.3,
2022-09-02,26.2,23.1,31.5,0,,100,6.4,,1017.3,
2022-09-03,26.1,23.1,29.3,0,,62,8.9,,1018,
2022-09-04,24.6,22.1,27.7,0,,75,10.5,,1019.3,
2022-09-05,25.1,22.1,28,0,,87,10.3,,1021.3,
2022-09-06,25.1,22.6,28.5,0,,41,11.4,,1021.2,
2022-09-07,25.2,22.1,29.1,0,,25,11.1,,1019.2,
2022-09-08,25.7,23,28.5,0,,25,11.7,,1018.5,
2022-09-09,25.9,22.8,30,0,,26,10.7,,1019.3,
2022-09-10,25.8,22.3,31,0,,341,9.3,,1018.3,
2022-09-11,26,23.2,28.4,0,,224,7.2,,1015.7,
2022-09-12,25.8,22.1,27.8,0,,232,7.6,,1013.3,
2022-09-13,25.9,23.3,28.1,0,,269,10.5,,1014.1,
2022-09-14,25.3,23.3,29.1,0,,298,9.9,,1016.2,
2022-09-15,26,23,30.5,0,,336,13.4,,1018.8,
2022-09-16,26.1,23.8,29.1,0,,326,15.4,,1018,
2022-09-17,26,24.1,29.8,1.4,,317,16,,1015.1,
2022-09-18,24.9,22.8,27.4,0,,276,9.6,,1012.3,
2022-09-19,24.3,22,27.5,2.8,,358,6.7,,1014.4,
2022-09-20,24.8,21.8,26.9,0,,70,7.8,,1016.1,
2022-09-21,24.3,21.6,27.1,0,,60,10.1,,1017,
2022-09-22,25.2,22.7,28.3,0,,62,10.9,,1017.8,
2022-09-23,25.2,23.7,28.7,3.2,,59,11.6,,1017.4,
2022-09-24,21.9,20.3,23.9,60,,77,7.6,,1016.8,
2022-09-25,22.3,20.9,22.9,32.8,,80,8.8,,1013.8,
2022-09-26,21.4,20.2,22.7,5.2,,61,11.1,,1015.5,
2022-09-27,22.9,20.7,25.8,0,,71,11.9,,1020,
2022-09-28,23.7,22.4,25.8,0,,81,10.6,,1020.9,
2022-09-29,24,21.6,27.5,0,,9,10.3,,1019.3,
2022-09-30,23.5,21.9,25.8,1.4,,352,13.1,,1017.8,
2022-10-01,23.6,21.6,26.4,0,,16,11.3,,1017.5,
2022-10-02,23.2,20.7,25.7,0,,66,7.7,,1017.2,
2022-10-03,23.5,21.2,26.4,0,,51,7.9,,1019.2,
2022-10-04,25.6,22.1,29,0,,70,7.1,,1019.8,
2022-10-05,25.3,23.8,26.9,0,,68,8.1,,1020.6,
2022-10-06,24.3,22.4,27.1,0,,334,12.8,,1019.6,
2022-10-07,24.8,22.7,27.7,0,,337,15.3,,1016.3,
2022-10-08,24.9,23,28.1,0,,351,12.4,,1015.3,
2022-10-09,24.3,22.3,26.8,0,,30,9.8,,1017.7,
2022-10-10,24.1,21.2,27.1,0,,38,9.5,,1020,
2022-10-11,23.7,20.9,27.4,0,,2,8.9,,1020.4,
2022-10-12,23.2,21.2,26.7,0,,353,11.8,,1020.2,
2022-10-13,24.2,22.4,27.2,1.4,,0,12.3,,1020.8,
2022-10-14,24.7,22.7,27.4,0,,358,12.9,,1018.8,
2022-10-15,24.3,22,28.1,0,,40,8.9,,1015.3,
2022-10-16,23.4,20.5,26.7,0,,230,6.6,,1013.8,
2022-10-17,23.2,20.2,25.7,0,,187,6.8,,1017.9,
2022-10-18,23.3,20.3,27.5,0,,79,8.3,,1020.9,
2022-10-19,23.9,20.8,28.3,0,,233,6.7,,1020,
2022-10-20,23.1,20.1,26.4,0,,221,6.7,,1017,
2022-10-21,24.2,19.3,28.2,0,,229,8.3,,1017.2,
2022-10-22,23.9,20.7,28,0,,306,6.9,,1017,
2022-10-23,23.5,21.2,26,0,,5,8.9,,1017.4,
2022-10-24,22.7,20.4,25.8,0,,243,6.4,,1016,
2022-10-25,22.8,20.4,25.6,0,,229,6.2,,1015.6,
2022-10-26,23.4,20.9,26.4,0,,180,6.3,,1016,
2022-10-27,23.6,21,26.8,0,,171,6.3,,1018.6,
2022-10-28,23.8,20.9,28.5,0,,281,5.9,,1018.4,
2022-10-29,24.3,21.3,27.3,0,,248,6.6,,1017,
2022-10-30,24,20,28.5,0,,241,6.8,,1016.4,
2022-10-31,23.6,20.4,26.4,0,,167,7.7,,1019.1,
2022-11-01,22.8,20.3,25.9,0,,66,9.1,,1021.9,
2022-11-02,22.8,20.5,25.8,0,,64,8.2,,1021.9,
2022-11-03,22.6,20.1,25.5,0,,47,9.3,,1022.4,
2022-11-04,22.6,20.1,26.1,0,,36,9.6,,1022.4,
2022-11-05,23.1,20.9,26,0,,43,8.8,,1020.7,
2022-11-06,22.8,21,25.6,0,,38,7.9,,1020,
2022-11-07,22.9,20.2,25.1,0,,64,7.2,,1019.2,
2022-11-08,22.2,19.6,25.2,0,,67,8.4,,1019.3,
2022-11-09,21.9,19.1,24.9,0,,57,9.5,,1020.2,
2022-11-10,22.2,19.6,25.3,0,,31,9.5,,1018.7,
2022-11-11,21.6,19.5,24.5,0,,54,8.7,,1015.7,
2022-11-12,22.1,19.9,25,0,,339,7.2,,1015.1,
2022-11-13,21.9,19.6,25.5,0,,263,7.1,,1017.8,
2022-11-14,23.9,21,28,0,,317,7,,1019.6,
2022-11-15,23.4,21,26.2,0,,307,8.1,,1020.2,
2022-11-16,25,20.9,28.6,0,,266,7.6,,1020.4,
2022-11-17,22.4,18.9,26.2,0,,280,7,,1020.7,
2022-11-18,22,19.1,26,0.6,,337,9.4,,1022.4,
2022-11-19,21.3,19.7,23.6,0.8,,359,12.7,,1024.9,
2022-11-20,21.1,20.2,22.8,0,,14,12,,1025,
2022-11-21,22.4,20.1,24.9,0,,50,10.1,,1026,
2022-11-22,22.1,20.9,24.2,0,,55,9.8,,1025.1,
2022-11-23,22.1,20.6,24.8,0,,42,7.8,,1022.2,
2022-11-24,21.8,19.7,23.9,0,,43,7.1,,1019.7,
2022-11-25,22.1,20,24.1,0,,68,10.1,,1021.4,
2022-11-26,21.1,18.6,24.4,0,,23,8,,1022.8,
2022-11-27,20.8,17.9,25.3,0,,339,9.2,,1022.9,
2022-11-28,21,18.7,24.1,0,,4,9.1,,1021.7,
2022-11-29,21.5,19.1,24,0,,33,8.9,,1019.5,
2022-11-30,20.6,17.9,24,0,,355,8.8,,1018.1,
2022-12-01,21.2,18.8,24.3,0.3,,319,10.8,,1016.6,
2022-12-02,20.9,18.5,25,0.7,,308,11.3,,1013.3,
2022-12-03,19.7,18.4,21.5,0,,313,8.3,,1010.5,
2022-12-04,20.2,16.7,23.8,0,,269,8.3,,1008.4,
2022-12-05,21.8,20,24.4,0,,296,13.5,,1012.5,
2022-12-06,21.2,19.1,24,0,,232,7.9,,1015.5,
2022-12-07,20.4,18.9,22,5.6,,290,6.9,,1010.5,
2022-12-08,22.1,20.4,23.9,0,,285,6.7,,1009.5,
2022-12-09,21.8,20.2,25.5,0,,237,6.8,,1014.4,
2022-12-10,22.1,20.6,24.8,0.6,,216,5.5,,1017.6,
2022-12-11,22.6,20.5,25.7,0,,182,5.6,,1017.9,
2022-12-12,22,19.6,25.1,0,,220,7,,1018.8,
2022-12-13,22.1,19.9,25.3,0,,210,6.9,,1018.6,
2022-12-14,21.8,19.9,26.4,0.6,,285,13,,1017.5,
2022-12-15,20.4,18.1,22.8,0.2,,299,15.2,,1017.8,
2022-12-16,20.2,18,23.7,0,,300,11.1,,1017.8,
2022-12-17,20.1,17.8,22.7,0,,340,6.6,,1019.4,
2022-12-18,20,17.3,23.8,0,,207,7,,1021.1,
2022-12-19,21,17.6,23.4,0,,233,6.4,,1022.6,
2022-12-20,20.7,18.1,26.5,0,,259,7.3,,1024.4,
2022-12-21,19.4,17.4,23,0,,306,8.1,,1026.9,
2022-12-22,20.7,17,22.3,0,,349,7.7,,1026.7,
2022-12-23,20.2,17.2,23.9,0,,251,8,,1024.8,
2022-12-24,20.6,17.2,25.6,0,,246,9.1,,1022.8,
2022-12-25,20.4,16.9,24,12.6,,257,9.8,,1018.7,
2022-12-26,17.9,13.7,20.4,13.2,,347,7.8,,1014.3,
2022-12-27,21.2,17.7,22.2,0,,92,17.1,,1018.6,
2022-12-28,21.7,19.8,22.7,0,,71,12.5,,1022.4,
2022-12-29,20.6,18.8,23.2,0,,66,8.6,,1023.5,
2022-12-30,21.7,19,26,0,,175,7.5,,1023.2,
2022-12-31,21.5,19.4,24.2,0,,215,9.9,,1022.5,
2023-01-01,20.4,17.5,24.7,0,,226,6.8,,1022.1,
2023-01-02,20.2,17.5,24.2,2.8,,321,7.2,,1023.5,
2023-01-03,19.8,17.6,22.9,9.8,,30,9.4,,1025,
2023-01-04,19.8,17.5,22.7,0,,41,8.9,,1026.2,
2023-01-05,19.8,17.4,22.9,0,,4,7.8,,1025.6,
2023-01-06,18.8,16.6,22.4,0,,318,8.8,,1025.9,
2023-01-07,18.8,16.5,22.1,0,,328,8.8,,1027.4,
2023-01-08,18.8,16.4,22.2,0,,337,8.9,,1029.1,
2023-01-09,19.2,16.8,22.4,0,,75,9.6,,1029.3,
2023-01-10,20.4,19.2,22.5,0,,83,10.9,,1029,
2023-01-11,19.2,17.3,22.4,15.6,,27,7.7,,1028.7,
2023-01-12,19.4,17.2,22.8,0,,21,9.5,,1027,
2023-01-13,19.6,18.6,21.4,0,,33,9.5,,1025.8,
2023-01-14,20.1,18.3,22.5,0,,73,10.4,,1025,
2023-01-15,19.1,17,22.2,0,,47,10.6,,1025.6,
2023-01-16,19.1,16.4,22,0.4,,56,9.6,,1026.2,
2023-01-17,18.2,16.3,20.7,1,,18,8.9,,1024.8,
2023-01-18,18.2,16.8,21.7,1.4,,355,9.7,,1023.5,
2023-01-19,17.6,15.9,20.3,0.4,,16,10.9,,1024,
2023-01-20,18.5,16.2,20.7,0,,42,11.3,,1023,
2023-01-21,19.2,17.1,21.3,0.4,,32,10,,1022.9,
2023-01-22,18.6,16.6,22.1,1,,35,9.3,,1022,
2023-01-23,19.2,18,21.6,0,,19,10.7,,1019.6,
2023-01-24,18.8,16.9,21.1,0,,42,10.2,,1018.6,
2023-01-25,18.3,17.4,20.3,0,,61,10.8,,1020.6,
2023-01-26,18.4,17.2,19.9,0,,62,13.4,,1023.6,
2023-01-27,18,15.1,21.1,1,,5,11.5,,1024.3,
2023-01-28,17.3,15.8,20.8,2.8,,348,11.5,,1022,
2023-01-29,16.4,13.7,20.4,3.6,,1,9.1,,1019.9,
2023-01-30,16.7,13.6,19.6,0.2,,5,8.8,,1020.9,
2023-01-31,17.7,15.6,20.5,0.2,,1,7.4,,1021.8,
2023-02-01,17.8,15,21.7,0,,336,9.5,,1021.7,
2023-02-02,18,14.6,20.9,0,,59,10.3,,1022.7,
2023-02-03,17.9,15.4,20.6,0,,52,8.6,,1024.2,
2023-02-04,16.9,14,20.2,5.2,,350,8.9,,1025.9,
2023-02-05,16.9,13.2,20,2.2,,19,8.2,,1026.1,
2023-02-06,17.3,13.8,21,10,,317,9.5,,1023.5,
2023-02-07,17.1,14.8,19.7,2.4,,318,12.1,,1021.3,
2023-02-08,17.5,15.1,21.9,0,,300,7,,1021.1,
2023-02-09,15.8,14.2,17.2,3.8,,263,6.4,,1019.3,
2023-02-10,16.3,14.1,20.4,3.6,,231,8.5,,1016.7,
2023-02-11,17.4,13.3,21.5,0,,213,6.1,,1016.9,
2023-02-12,18,15.4,21.6,0,,309,7,,1018.5,
2023-02-13,18.4,15.3,22.6,0,,303,9.4,,1019.1,
2023-02-14,19.4,17.2,22.9,1.4,,316,12.5,,1022.3,
2023-02-15,17.5,14.3,20.7,1.8,,342,12.9,,1023,
2023-02-16,16.7,13.9,21,0.6,,344,11.6,,1019.2,
2023-02-17,17.9,14.4,21.6,6.4,,308,13.2,,1016.7,
2023-02-18,19.2,16.9,22.8,0,,295,11.6,,1018.4,
2023-02-19,18.7,16.4,22.7,0,,333,7.9,,1018.1,
2023-02-20,19,15.2,22.7,0,,347,8.1,,1017.9,
2023-02-21,19.9,17.8,23.4,0,,347,11.5,,1019.5,
2023-02-22,19.3,16.2,22.1,1.2,,0,11.4,,1019.6,
2023-02-23,18.4,15.8,22.2,0,,329,12.2,,1016.7,
2023-02-24,18.9,15.8,23.4,0,,310,11.6,,1016.6,
2023-02-25,18.2,14.7,21.9,0,,238,7,,1017.1,
2023-02-26,18.6,15.8,22.2,0.4,,264,8,,1017.4,
2023-02-27,19.4,16.2,24,0,,313,8.3,,1021.7,
2023-02-28,20.6,16.7,24.7,0,,335,7.7,,1023.8,
2023-03-01,19.9,17.5,24.4,0,,341,6.2,,1022.1,
2023-03-02,20.5,17,24.8,0,,284,7.7,,1021.6,
2023-03-03,22.7,17.7,25,0,,293,7.2,,1020.1,
2023-03-04,20,17,22.1,0,,75,7.6,,1019.3,
2023-03-05,19.4,16.2,22.3,0,,90,6,,1018.8,
2023-03-06,19.5,16.4,23.1,0,,209,6.7,,1018.1,
2023-03-07,19.6,16.7,22.6,0,,162,7.2,,1018.3,
2023-03-08,19.7,16.6,22.9,0,,129,7.1,,1018.7,
2023-03-09,19.8,17.3,23.1,0,,57,9,,1021.2,
2023-03-10,20.2,17.5,23.1,0,,73,9,,1022.2,
2023-03-11,20.3,17.1,23.2,0,,177,7.3,,1021,
2023-03-12,21.2,16.9,26.9,0,,217,6.5,,1018.9,
2023-03-13,20.9,17.7,25.3,0,,61,8.4,,1020.1,
2023-03-14,19.9,16.8,23.2,0,,58,8,,1019.3,
2023-03-15,19.7,16.4,24,0,,164,7,,1014.8,
2023-03-16,21.9,18.6,26.6,0,,309,9.5,,1013.9,
2023-03-17,20.2,18.4,23.7,0.2,,24,11.8,,1018.6,
2023-03-18,19.6,17.4,22.4,0,,27,11.1,,1020.6,
2023-03-19,20.1,18,23.3,0,,19,11,,1019.4,
2023-03-20,19.8,16.7,24,0,,1,11.6,,1017.8,
2023-03-21,20.2,17.9,23.3,0,,42,10.6,,1016.3,
2023-03-22,20.3,17.3,26.6,0,,70,9.3,,1014.5,
2023-03-23,20.8,17.1,26,0,,90,8,,1016.2,
2023-03-24,20.6,17.5,23.8,0,,88,8.4,,1019.8,
2023-03-25,21.3,18.7,26.1,0,,119,6.8,,1020.5,
2023-03-26,21.3,18,27.9,0,,115,6.6,,1020,
2023-03-27,21.7,16.8,26.9,0,,140,5.9,,1018.9,
2023-03-28,23.1,18.7,29.1,0,,316,6.7,,1017.2,
2023-03-29,26.8,21.3,32.4,0,,272,7.6,,1018.9,
2023-03-30,25.2,22.3,30.3,0,,135,7,,1022,
2023-03-31,25.2,22.8,29.9,0,,66,7.6,,1023.2,
2023-04-01,22.3,19.3,25.7,0,,51,8.8,,1023.8,
2023-04-02,20.8,18.5,23.6,0,,68,9.5,,1021.2,
2023-04-03,22.2,18.1,28.4,0,,331,11.7,,1018.8,
2023-04-04,20.3,16.7,22.5,0.8,,339,16.7,,1017.4,
2023-04-05,20,17.1,23.4,0,,326,18.2,,1015.6,
2023-04-06,21.4,17.3,26.5,0,,313,13.7,,1015.8,
2023-04-07,20.3,16.8,23.7,0,,278,9.3,,1014.5,
2023-04-08,20.1,17.9,23.3,0,,279,8.6,,1015.3,
2023-04-09,20.2,17.5,22.7,0,,43,9,,1017.2,
2023-04-10,23.9,18.7,29.5,0,,63,9,,1019.8,
2023-04-11,22.1,19.7,25.1,0,,71,9.7,,1020.4,
2023-04-12,22.4,19.4,26.3,0,,77,8.5,,1018.6,
2023-04-13,21,17.9,24.5,0,,58,10.7,,1020.3,
2023-04-14,20,18.5,21.9,0,,57,12.8,,1019.9,
2023-04-15,19.9,16.2,23,0,,63,10.2,,1017.6,
2023-04-16,21.2,17.6,26.3,0,,316,10,,1013.6,
2023-04-17,20.8,19,23.8,0,,299,12.7,,1010,
2023-04-18,21.8,19.9,24.6,0,,315,15.7,,1009.9,
2023-04-19,21.8,19.2,26.9,0,,314,13,,1014.6,
2023-04-20,20.3,18.1,24.5,0,,288,9.2,,1015,
2023-04-21,20.6,17.7,24.2,0,,240,9.4,,1013.5,
2023-04-22,21,18,24.3,0,,220,7.6,,1014.5,
2023-04-23,21.4,19,26.8,0,,44,10.8,,1015.8,
2023-04-24,21.1,17,26.1,0,,12,9.4,,1016,
2023-04-25,21.3,17.5,25.1,0,,225,7.8,,1015.3,
2023-04-26,21.4,18.2,25.4,0,,211,8.2,,1013.6,
2023-04-27,21.3,18.4,25.1,0,,213,7.3,,1014.2,
2023-04-28,22.1,18.3,26.7,0,,199,8.3,,1016.9,
2023-04-29,23.1,19.3,26.6,0,,31,6.9,,1019.3,
2023-04-30,23.7,20.6,27.2,0,,86,8,,1017.9,
2023-05-01,23.2,20.4,27.2,0,,132,6.4,,1016.4,
2023-05-02,22.6,20.7,26,0,,189,6.9,,1013.9,
2023-05-03,23.9,21.1,28.2,0,,286,11.3,,1017.2,
2023-05-04,22.8,20.4,26.9,0,,352,11.8,,1022.1,
2023-05-05,22.2,20.5,25.8,0,,351,13.8,,1021.7,
2023-05-06,23.1,20.9,26.6,0,,349,14.1,,1020.9,
2023-05-07,22.5,21.1,25.9,0,,355,16.1,,1020.6,
2023-05-08,22.7,20.5,25.8,0,,3,14.9,,1021,
2023-05-09,24.8,22.3,28.4,0,,356,13.4,,1020,
2023-05-10,25.2,21.5,29.4,0,,43,11.1,,1017.4,
2023-05-11,23.4,20.4,27,0,,54,11.2,,1016.5,
2023-05-12,21.9,19.4,25.5,0,,36,11.4,,1016.9,
2023-05-13,22,19.7,24.7,0,,33,11.9,,1018.5,
2023-05-14,21.9,19.5,24.5,0,,37,11.9,,1021.4,
2023-05-15,22.1,17.5,25,0,,46,11,,1020.6,
2023-05-16,21.7,19.7,24.8,0,,13,10.7,,1017.6,
2023-05-17,21.4,19.6,24.7,0.2,,350,15,,1019.2,
2023-05-18,21.9,19.2,25.6,0,,336,16.1,,1020.1,
2023-05-19,21.7,19.4,26.1,0,,336,14.1,,1020.6,
2023-05-20,21.3,19.1,24.5,0,,347,11.5,,1017.9,
2023-05-21,21,18.5,24.8,0,,332,12.4,,1016.2,
2023-05-22,21.4,19,25.8,0,,343,12,,1017,
2023-05-23,21.3,18.7,25,0,,340,13,,1017.4,
2023-05-24,21.2,18,25.7,0,,321,8.9,,1017.1,
2023-05-25,20.4,17.3,22.8,0,,33,8.3,,1017.4,
2023-05-26,20.6,17.3,24.5,0,,290,7.8,,1017.6,
2023-05-27,21.5,18.9,24.3,0.2,,208,7.4,,1017.9,
2023-05-28,21.2,18.5,24.1,0,,139,7,,1018.3,
2023-05-29,22.3,19,25.6,0,,242,7.9,,1018.1,
2023-05-30,22.6,19.8,25.7,0,,176,8.6,,1019.7,
2023-05-31,22.1,19,24.9,0,,212,7.5,,1017.3,
2023-06-01,23.8,21.2,27.2,0,,299,10.4,,1013.5,
2023-06-02,23.3,21.2,27.4,0,,293,15,,1013.4,
2023-06-03,23.4,21,28.2,0,,296,13.7,,1014.8,
2023-06-04,23.1,21.5,25.4,0,,182,8.1,,1015.8,
2023-06-05,22.6,20.9,24.6,0,,157,6.7,,1014.2,
2023-06-06,22.9,22.1,24.5,0,,168,8.2,,1009.1,
2023-06-07,23.6,21.3,27.6,4.2,,273,9.4,,1010.2,
2023-06-08,23.6,21.7,26.8,0,,278,12.5,,1014.5,
2023-06-09,23.1,21.3,25.8,0,,242,8.2,,1016.3,
2023-06-10,22.4,20,24.8,0,,158,7.4,,1017.4,
2023-06-11,22.7,20.2,26.1,0,,141,6.7,,1017.8,
2023-06-12,23.6,20.9,26.8,0,,216,7.1,,1017.8,
2023-06-13,23.6,21,27.3,0,,9,11.4,,1017.7,
2023-06-14,23.3,20,26.9,0,,54,11,,1017.1,
2023-06-15,24.9,21.7,28.7,0,,104,8.2,,1017,
2023-06-16,25.3,21.2,29.4,0,,223,7.4,,1017.3,
2023-06-17,25.3,21.6,27.5,0,,245,8.7,,1017.3,
2023-06-18,24.4,21.6,27.2,0,,255,9,,1016.6,
2023-06-19,24.7,22.7,27.1,0,,264,9.8,,1016,
2023-06-20,24.3,22.4,27.2,0.6,,246,8.6,,1015.6,
2023-06-21,24.9,21.7,28.7,0,,236,7.8,,1016.6,
2023-06-22,24.7,21.6,27.2,0,,32,10.4,,1019,
2023-06-23,25.5,21.7,29.6,0,,9,9.6,,1019.3,
2023-06-24,24.6,22.5,28.4,0,,335,15.8,,1017.2,
2023-06-25,25.5,22.9,29.8,0,,320,15.2,,1014.2,
2023-06-26,24.6,22,27.6,0,,225,8.4,,1012.3,
2023-06-27,24.6,21.4,27.6,0,,220,7.5,,1013.4,
2023-06-28,26.1,23.4,30.4,0,,218,7.2,,1015.2,
2023-06-29,29.4,24.1,37,0,,216,7.3,,1018.2,
2023-06-30,27.9,23.7,31.4,0,,322,11.5,,1019,
2023-07-01,24.9,22.7,29.7,0,,321,14.1,,1017.3,
2023-07-02,25.8,22.7,30.3,0,,10,10.3,,1016.8,
2023-07-03,25.2,22.9,26.8,0,,107,10.1,,1018.6,
2023-07-04,24.8,22.7,27.3,0,,127,7.6,,1019.5,
2023-07-05,25.8,22.8,29.2,0,,176,7.1,,1018.1,
2023-07-06,25.5,23.4,29.4,0,,319,15.3,,1016.8,
2023-07-07,24.9,22.9,28.5,0,,344,12.6,,1018.3,
2023-07-08,25,21.9,29.5,0,,346,11.1,,1020.2,
2023-07-09,25.6,22.3,29.5,0,,21,9.8,,1019.7,
2023-07-10,26.4,21.9,32.1,0,,20,9.5,,1018.4,
2023-07-11,26.7,24,32.1,0,,138,8.9,,1016.8,
2023-07-12,27.9,25.1,30.9,0,,130,6.9,,1016.2,
2023-07-13,29.7,26.3,34.8,0,,191,6.8,,1016.5,
2023-07-14,31.4,28.4,35.8,0,,119,8.8,,1017.5,
2023-07-15,26.9,23.8,29.5,0,,327,12.9,,1018.2,
2023-07-16,24.9,23.2,27.6,0,,348,13.7,,1017.2,
2023-07-17,24.9,22.9,28.8,0,,353,13.3,,1016.8,
2023-07-18,25,21.8,28.8,0,,34,9.3,,1018.8,
2023-07-19,25.5,22.4,30.2,0,,84,8.5,,1020,
2023-07-20,25.9,23.4,30.4,0,,99,8.7,,1019.1,
2023-07-21,25.4,23.3,28.9,0,,357,13.1,,1018.2,
2023-07-22,25.1,23.6,28.7,0,,351,14.7,,1018,
2023-07-23,25.2,23.3,29.5,0,,338,15.7,,1018.6,
2023-07-24,25.1,22.5,28.9,0,,351,12.3,,1019.6,
2023-07-25,24.8,22.3,27.8,0,,46,11.1,,1019.2,
2023-07-26,25.4,22.8,29.6,0,,32,10.7,,1019.1,
2023-07-27,25,22.8,28.3,0,,344,13.5,,1019.3,
2023-07-28,24.8,23.1,28.6,0,,345,14.1,,1017.7,
2023-07-29,25,22,29.3,0,,42,10.9,,1017.4,
2023-07-30,25.1,21.1,30.4,0,,115,8.6,,1018.8,
2023-07-31,28,23.8,32.9,0,,138,9.1,,1019.2,
2023-08-01,28.1,24.9,30.5,0,,27,9.6,,1018.3,
2023-08-02,26.1,24,28.6,0,,38,11.1,,1017.5,
2023-08-03,26.1,24.1,29.4,0,,54,11.6,,1018.3,
2023-08-04,25.6,23.6,29.7,0,,20,12.5,,1018.6,
2023-08-05,24.9,22.8,27.9,0,,324,17.3,,1017.3,
2023-08-06,25.1,22.9,29.5,0,,306,14.7,,1016.4,
2023-08-07,25.1,22.7,28.8,0,,273,10.6,,1015.5,
2023-08-08,24.9,23,28.1,0,,253,10.5,,1015.2,
2023-08-09,26.9,22.5,32.6,0,,202,8.2,,1016.6,
2023-08-10,28.2,25.3,31.3,0,,184,7.1,,1016.5,
2023-08-11,29.1,26.5,33.2,0,,197,6.4,,1015.5,
2023-08-12,29.5,26.3,33.3,0,,200,7.5,,1014.6,
2023-08-13,28.6,25.9,32.2,0,,196,7.3,,1013.1,
2023-08-14,28.2,26,31.9,0,,135,7.2,,1013.9,
2023-08-15,26.6,24.8,28,0,,115,9.8,,1015,
2023-08-16,25.4,23.2,28,0,,116,9.8,,1015.8,
2023-08-17,24.8,22.7,27.9,0,,125,8.5,,1016,
2023-08-18,26.9,23,31.7,0,,187,6.7,,1014.8,
2023-08-19,26.4,24.5,31,0,,134,8.7,,1015.8,
2023-08-20,26.4,25,29.6,0,,105,7.1,,1017.1,
2023-08-21,29.3,26,32.7,0,,161,6.5,,1015.8,
2023-08-22,32,26.2,38.3,0,,232,7.5,,1013.1,
2023-08-23,31.5,27.8,36,0,,203,7.3,,1012,
2023-08-24,28.1,25.7,32.6,0,,219,7.6,,1011.8,
2023-08-25,25.8,24.5,28.3,1.6,,207,6.2,,1014.6,
2023-08-26,30.2,25.3,34.3,0,,244,8.3,,1015.4,
2023-08-27,28.9,24.9,32.4,0,,25,11.4,,1018,
2023-08-28,25.5,23.9,28.2,0,,6,12.8,,1019.3,
2023-08-29,25.7,23.9,28.6,0,,1,12.9,,1017.8,
2023-08-30,25.8,23.8,28.7,0,,37,10.4,,1017,
2023-08-31,25.1,22.7,26.8,0,,75,10.5,,1017.6,
2023-09-01,25.3,22.8,28.5,0,,64,9.8,,1019.2,
2023-09-02,26.3,24.3,30.7,1.6,,15,10.8,,1017.9,
2023-09-03,25.3,21.7,29.3,0,,309,13.2,,1014,
2023-09-04,24.9,23.2,27.3,0,,274,10.9,,1015.4,
2023-09-05,24.5,22,27.7,0,,169,7.8,,1016,
2023-09-06,24.4,21.8,26.7,0,,116,7.8,,1015.2,
2023-09-07,25.1,22.4,29,0,,183,6.9,,1016.3,
2023-09-08,25.5,23.3,28.2,0,,238,7.3,,1016.8,
2023-09-09,26,23.7,28.5,0,,253,8,,1016.8,
2023-09-10,25.5,23.4,28.5,0,,254,8.6,,1017.4,
2023-09-11,25.5,23.3,28.1,0,,11,10.7,,1017.8,
2023-09-12,25.7,23.8,29,0,,15,10,,1017.5,
2023-09-13,26.1,24.2,29.2,0,,10,10.2,,1017.2,
2023-09-14,25.3,23.1,29.1,2.2,,358,11.1,,1016.6,
2023-09-15,25.9,23.3,29.1,0,,0,11.5,,1016.1,
2023-09-16,25.5,23.5,28.5,0,,295,10.4,,1015,
2023-09-17,24.8,23.1,28,0,,27,10.7,,1016.4,
2023-09-18,24.2,22.5,26.9,0,,33,10.8,,1018.8,
2023-09-19,23.9,22.6,27.2,0,,20,10.9,,1019,
2023-09-20,25.6,22.4,28.4,0,,38,10.4,,1018.5,
2023-09-21,25.4,22.6,28.2,0,,24,9.5,,1018.4,
2023-09-22,26.1,23.1,28.7,0.2,,19,9.5,,1018,
2023-09-23,25.2,22.9,28.2,0,,18,9.1,,1017.5,
2023-09-24,24.9,22.8,27.4,0,,8,8.8,,1018.6,
2023-09-25,25.9,22,29.1,0,,358,9.5,,1019.2,
2023-09-26,26.4,23.5,29.3,0,,25,8.7,,1018.8,
2023-09-27,25.4,22.9,29,0,,22,9.1,,1018.3,
2023-09-28,24.6,23.1,27.8,0,,14,9.6,,1016.9,
2023-09-29,24.7,22.2,27.3,0,,77,7.5,,1016.7,
2023-09-30,25,22.5,27.1,0,,204,6.3,,1017.8,
2023-10-01,25.4,22.3,27,0,,223,7.2,,1018.1,
2023-10-02,25.8,22.5,29.5,0,,101,6.7,,1017.5,
2023-10-03,26.2,23.2,28.4,0,,133,6.1,,1017.8,
2023-10-04,26.2,23.9,29.7,0,,15,6.3,,1018.2,
2023-10-05,25.6,24.1,28,0,,108,6.3,,1017.4,
2023-10-06,28.4,24.7,34.1,0,,241,5,,1016.2,
2023-10-07,29,25.8,33.5,0,,220,5.3,,1014.7,
2023-10-08,29.4,26.1,32.7,0,,25,6.2,,1014.5,
2023-10-09,28.9,26,31.4,0,,170,5.6,,1015.9,
2023-10-10,29.9,25.8,33.8,0,,268,6.5,,1017.5,
2023-10-11,27.6,24.5,31.8,0,,151,4.7,,1017.9,
2023-10-12,26.7,23.7,31,0,,61,5.5,,1017,
2023-10-13,27.3,23.7,32.9,0,,233,5,,1017.4,
2023-10-14,28,25.1,32.4,0,,222,5.8,,1019.2,
2023-10-15,28.2,25.6,31.2,0,,260,5.8,,1018.4,
2023-10-16,26.5,24.7,29.1,0,,225,4.7,,1014.8,
2023-10-17,26.3,24.1,29.3,0,,241,8.5,,1013.2,
2023-10-18,25,22.7,27.1,0,,137,7.4,,1016.2,
2023-10-19,25.4,22.6,29.5,0.8,,253,7.7,,1015.8,
2023-10-20,25.1,22.5,28.6,0,,324,10.5,,1014.7,
2023-10-21,24.1,21.7,26.6,5,,270,8.2,,1011.7,
2023-10-22,23.3,20.9,26.7,0.2,,307,14.3,,1010.5,
2023-10-23,23.6,21.5,27.6,0,,334,12.4,,1015.5,
2023-10-24,23.4,21.2,26.3,0,,28,8.6,,1020.4,
2023-10-25,23.8,21.2,27.4,0,,45,8,,1021.5,
2023-10-26,24.8,21.8,28.4,0,,355,7.3,,1020.4,
2023-10-27,24.6,21.8,28.8,0,,333,8.2,,1018.3,
2023-10-28,24.1,21.4,27.3,0,,78,6.4,,1015.1,
2023-10-29,24.4,20.8,27.2,0,,223,6.7,,1011.3,
2023-10-30,24.1,21.4,27.4,0,,223,6.5,,1010.6,
2023-10-31,24.4,21.9,29.2,0,,241,6.2,,1013.3,
2023-11-01,25.6,22,29.6,0,,352,7.9,,1019.9,
2023-11-02,24.4,21.7,28.1,0,,2,9.2,,1022.5,
2023-11-03,23.7,21.3,27.6,0,,8,10.3,,1020.4,
2023-11-04,23.6,21.8,26.9,0,,344,9.7,,1016.9,
2023-11-05,23.5,20.8,27.5,4.8,,335,7.9,,1017.1,
2023-11-06,22.7,19.1,25,2.6,,17,10.4,,1021.6,
2023-11-07,21.6,19.9,24,0.4,,7,13.2,,1023.9,
2023-11-08,22.5,20.7,25,0,,13,12.8,,1023,
2023-11-09,23.2,21.1,25.4,0,,29,10.7,,1022.4,
2023-11-10,23.2,19.5,26.3,0,,63,9.3,,1022.1,
2023-11-11,23.1,21.1,25.2,0,,66,9.9,,1021.4,
2023-11-12,23.1,20.4,25.4,0,,74,7.8,,1020.5,
2023-11-13,22.8,19.8,26.3,0,,276,6.7,,1020.8,
2023-11-14,24.2,20.9,28.3,0,,359,6,,1021,
2023-11-15,26.1,22.7,31,0,,330,6.2,,1021,
2023-11-16,25.2,21.6,29.2,0,,333,6.7,,1022.4,
2023-11-17,23.2,20.5,27,0,,335,7,,1022.1,
2023-11-18,22.7,19.7,27.3,0,,292,7.1,,1021.7,
2023-11-19,21.9,19.3,25.3,0,,219,6,,1019.1,
2023-11-20,22.8,20,27.9,0,,259,5,,1017.5,
2023-11-21,23.8,21.8,27,0,,273,6.1,,1020.5,
2023-11-22,22.5,20.4,24.4,0,,37,7.9,,1020.8,
2023-11-23,21.8,19.1,24.3,0,,327,7,,1020,
2023-11-24,21.8,19,25.8,0,,359,8.2,,1020,
2023-11-25,22.3,20.3,25.2,0,,3,9,,1017.7,
2023-11-26,21.2,19.1,24.2,0,,37,6.4,,1017.9,
2023-11-27,20.4,18.4,22.2,0,,322,6.4,,1019.8,
2023-11-28,20.4,17.6,24.4,0,,284,7.5,,1018.6,
2023-11-29,20,17.5,24,0,,230,8,,1014.9,
2023-11-30,21.1,19,24.3,14,,233,8.9,,1009.5,
2023-12-01,21.6,19.3,25.2,0.6,,21,7.3,,1010.7,
2023-12-02,20.9,18.9,23.2,0.4,,34,8.9,,1018.1,
2023-12-03,20.7,17.9,23.4,0,,56,7.4,,1019.7,
2023-12-04,19.9,17.3,24.2,0,,3,6.7,,1019.4,
2023-12-05,20.7,18.8,23.1,0,,250,6.2,,1017.6,
2023-12-06,21.1,19.5,23.5,0,,27,7.3,,1018.7,
2023-12-07,20.9,18.4,25.1,0,,358,7.5,,1022,
2023-12-08,20.7,18.1,24.2,0,,45,9.1,,1024.6,
2023-12-09,21.1,18.2,25.3,0,,355,8,,1023.5,
2023-12-10,21.4,18.5,25.5,0,,238,5.2,,1021.9,
2023-12-11,22.3,18.7,28,0,,255,7.8,,1020.8,
2023-12-12,21.1,18.8,25.5,0,,327,7.8,,1020.1,
2023-12-13,21.6,18.8,24.6,0,,339,8.9,,1020.3,
2023-12-14,21.3,20,23.9,0,,68,11.7,,1022.5,
2023-12-15,20.7,18.3,23.1,0,,66,9.4,,1023.1,
2023-12-16,20.7,17.5,25.6,0,,233,8.4,,1024.1,
2023-12-17,20.3,18.4,22,0,,101,15.3,,1027.6,
2023-12-18,19.9,18.7,22.4,0,,97,12.4,,1028.8,
2023-12-19,19.6,16.8,22.8,0,,79,9.5,,1029.6,
2023-12-20,20.4,19.5,23.3,0,,53,9.3,,1030.9,
2023-12-21,19.7,17.8,22.6,2.2,,18,10.8,,1027.4,
2023-12-22,20,17.1,23,2.8,,19,9.5,,1023.4,
2023-12-23,18.3,15.7,22.1,0,,68,6.3,,1021.8,
2023-12-24,18.9,16.1,22.9,0,,341,6.8,,1021.7,
2023-12-25,19.4,16.4,24.3,0,,340,8.1,,1020.7,
2023-12-26,19.7,16.4,22.8,0,,347,9,,1020.5,
2023-12-27,19.7,16.6,23.9,0,,2,8.5,,1020.1,
2023-12-28,19.8,16.9,24.8,0,,253,6.4,,1021.3,
2023-12-29,20,17.2,23.9,0,,306,7.8,,1021.3,
2023-12-30,19.7,17,23.7,0,,306,7,,1020.4,
2023-12-31,19.6,17.1,23.1,0,,227,6.8,,1020,
2024-01-01,19.4,16.9,23.5,0,,222,5.9,,1019.9,
2024-01-02,20.1,17.1,23.9,0,,226,6.6,,1021.3,
2024-01-03,19.9,17.6,23.2,0,,224,5.2,,1021.6,
2024-01-04,20.6,17.9,24.2,0,,231,6.1,,1020.8,
2024-01-05,20.6,18.8,23.4,0,,48,6.7,,1020.3,
2024-01-06,20,17.8,22.6,0,,77,6.5,,1020.4,
2024-01-07,19.5,17.2,22.6,0,,33,6.4,,1021.1,
2024-01-08,19.3,17,22.7,0,,331,6.8,,1020.1,
2024-01-09,19.4,17,23.1,0,,327,7.1,,1019.6,
2024-01-10,19.9,17.7,23.3,0,,111,6.8,,1018.7,
2024-01-11,20.6,17.5,26.2,0,,238,6.8,,1014.4,
2024-01-12,22.2,18.9,27.2,0,,220,9.8,,1013.4,
2024-01-13,21.1,18.1,26.5,0,,246,7.9,,1016.3,
2024-01-14,20.3,18.2,23.3,0,,260,5.8,,1018.5,
2024-01-15,20.7,17.6,23.1,0,,244,6.5,,1017.6,
2024-01-16,22.1,19.9,25.2,0,,241,7.3,,1015,
2024-01-17,21.1,19.1,23.9,0.4,,311,7.8,,1017,
2024-01-18,19.9,17.5,23.7,0,,293,8.8,,1014.9,
2024-01-19,20.1,18.1,22.9,0,,334,12.5,,1018.6,
2024-01-20,19.5,17.3,22.9,0.4,,16,8.8,,1023.4,
2024-01-21,19.4,18.5,21.8,0,,39,9.9,,1028,
2024-01-22,19.5,18.3,21.7,0,,64,10.3,,1029.3,
2024-01-23,22.1,17.5,25,0,,85,8.4,,1029.4,
2024-01-24,19.9,17.9,22.7,0,,73,10.1,,1029.5,
2024-01-25,20.6,18,23.4,0,,100,12.6,,1026.4,
2024-01-26,20.5,17.8,26.2,0,,218,8.4,,1025,
2024-01-27,20.7,17.5,26.1,0,,244,8.8,,1022.5,
2024-01-28,20.7,16.9,27.6,0,,258,6.6,,1021.5,
2024-01-29,20.9,18.1,27.2,0,,312,7.4,,1023.3,
2024-01-30,20.5,16.9,27.2,0,,321,5.8,,1023.8,
2024-01-31,20.7,17.8,25.4,0,,267,6.7,,1023.1,
2024-02-01,20.8,18.1,24.7,0,,34,7.8,,1025.6,
2024-02-02,20.1,17.8,23.3,0,,2,7.9,,1025.7,
2024-02-03,19.7,16.9,24,0,,356,7,,1023.7,
2024-02-04,20.3,17.4,26.4,0,,249,7.5,,1023.8,
2024-02-05,21,17.4,25.9,0,,244,8.9,,1025.7,
2024-02-06,20.2,17.3,23.6,0,,23,8,,1026.3,
2024-02-07,20.3,17.1,25.8,0,,250,6,,1024.2,
2024-02-08,20.3,17.4,24.8,0,,248,7.1,,1019.1,
2024-02-09,21.7,18.4,26.7,3.2,,288,10.8,,1014.7,
2024-02-10,22.4,20.2,25.1,0,,303,14.3,,1016.8,
2024-02-11,20,18,23.3,0,,61,7.3,,1019.5,
2024-02-12,20.6,17.9,23.6,0,,45,7.3,,1019.7,
2024-02-13,20.4,17.6,23.6,0,,31,6,,1016.5,
2024-02-14,21.6,18.5,24.2,0,,275,7.1,,1015.3,
2024-02-15,22.3,18.8,26.5,0,,2,8.3,,1021.9,
2024-02-16,20.8,17.7,24.2,0,,30,9,,1024.8,
2024-02-17,22.9,16.9,25.1,0,,48,9.9,,1025,
2024-02-18,21.1,18.5,23.9,0,,59,10.5,,1024.2,
2024-02-19,21.3,18.6,24.2,0,,67,7.5,,1026.7,
2024-02-20,20.3,17.7,22.7,0,,12,9.5,,1026.1,
2024-02-21,19.9,16.4,23,0,,50,9.6,,1025.7,
2024-02-22,20.8,16.2,25.3,0,,301,9,,1026.3,
2024-02-23,20.3,18.7,23.9,0,,344,14.2,,1025.3,
2024-02-24,19.3,17.6,22.8,0,,3,13.7,,1025.6,
2024-02-25,20,17.6,22.7,0,,26,10.8,,1024.5,
2024-02-26,18.7,16,21.7,0.8,,13,9,,1021.6,
2024-02-27,18.9,17.5,20.8,0,,35,11.3,,1023.3,
2024-02-28,19.8,18.1,23,0,,30,14.6,,1024.4,
2024-02-29,19.5,18.5,22.3,3.4,,28,11.9,,1023.6,
2024-03-01,18.7,16.8,21.8,0.6,,16,13,,1021.3,
2024-03-02,19.1,17.1,22.2,0.6,,358,15.8,,1022,
2024-03-03,19.6,17.6,23,0,,359,12.7,,1023.7,
2024-03-04,19.9,18.6,23.1,0,,9,10.1,,1023.8,
2024-03-05,19.8,18.6,22.7,0,,40,11.1,,1022.5,
2024-03-06,19.8,18.1,22.6,0,,21,9.6,,1020.8,
2024-03-07,20.4,17.3,24.5,0.6,,322,14.6,,1020.6,
2024-03-08,18.9,16.6,22.4,0,,331,14.2,,1020.9,
2024-03-09,20.3,17.5,24.8,0.2,,285,13.2,,1018.6,
2024-03-10,20.8,18.5,24.3,0,,321,12.3,,1020,
2024-03-11,19.6,16.9,22.7,0,,45,9.7,,1021.2,
2024-03-12,19.2,16.1,22.5,0,,218,6.7,,1019,
2024-03-13,20.4,17.3,23.4,0,,244,7.6,,1017.9,
2024-03-14,21,18.5,22.8,0,,42,9.2,,1019.7,
2024-03-15,19.9,17.4,22.2,0,,115,7.9,,1020,
2024-03-16,20.3,16.6,24.5,0,,201,7.4,,1018,
2024-03-17,20.9,17.9,24.5,0,,277,10.8,,1016.7,
2024-03-18,21.9,19.7,26.8,0,,324,15.9,,1017.7,
2024-03-19,20.8,17.8,24.6,0,,6,10.9,,1018.2,
2024-03-20,20.2,18.2,23.6,0,,354,15.4,,1020,
2024-03-21,19.8,18.1,24,3.8,,336,15.8,,1017.8,
2024-03-22,17.8,15.5,21.9,4.4,,329,14.5,,1012.3,
2024-03-23,17.6,14.5,20.9,12.6,,313,10.1,,1008.8,
2024-03-24,18.9,16.3,22.8,0.6,,296,12.1,,1009.6,
2024-03-25,20.6,18.1,24.5,0,,323,16.5,,1015.4,
2024-03-26,18.7,16.9,21.8,0.4,,329,17.4,,1018.3,
2024-03-27,19.1,16.1,21.9,0,,304,9.8,,1019.1,
2024-03-28,20,17.4,24,7,,267,12.6,,1013.7,
2024-03-29,19.4,16.4,22.7,0,,299,18.6,,1013.1,
2024-03-30,20.4,17.3,23.7,0,,275,12.7,,1013,
2024-03-31,20.9,18.4,23.9,0,,274,12.9,,1013.8,
