date,store_type,sales,discount_average,has_new_product,is_weekend,market,tavg
2021-01-02,type_1,2489.89,30.0,1,1,market_4,17.8
2021-01-02,type_2,1465.26,30.0,0,1,market_4,17.8
2021-01-03,type_1,1163.08,40.63,0,1,market_4,17.2
2021-01-03,type_2,585.53,26.54,0,1,market_4,17.2
2021-01-04,type_1,2439.86,30.0,0,0,market_4,16.6
2021-01-04,type_2,1463.82,28.8,0,0,market_4,16.6
2021-01-05,type_1,2409.42,22.86,0,0,market_4,20.3
2021-01-05,type_2,1299.99,30.0,0,0,market_4,20.3
2021-01-07,type_1,2034.73,28.0,0,0,market_4,20.4
2021-01-07,type_2,1306.16,29.37,0,0,market_4,20.4
2021-01-08,type_1,2273.61,23.13,0,1,market_4,18.7
2021-01-08,type_2,1444.8,28.75,0,1,market_4,18.7
2021-01-09,type_1,2834.84,23.41,0,1,market_4,15.3
2021-01-09,type_2,1270.42,28.75,0,1,market_4,15.3
2021-01-11,type_1,1886.76,27.5,0,0,market_4,15.6
2021-01-11,type_2,1459.55,29.5,0,0,market_4,15.6
2021-01-12,type_1,2177.98,28.18,0,0,market_4,15.7
2021-01-12,type_2,1296.23,40.14,1,0,market_4,15.7
2021-01-13,type_1,1458.07,28.71,0,0,market_4,16.1
2021-01-13,type_2,1031.31,32.41,0,0,market_4,16.1
2021-01-14,type_1,1316.69,27.71,0,0,market_4,16.2
2021-01-14,type_2,1112.44,30.0,0,0,market_4,16.2
2021-01-15,type_2,1285.27,30.65,1,1,market_4,17.1
2021-01-16,type_2,1328.81,27.11,0,1,market_4,16.9
2021-01-18,type_2,1002.29,28.85,0,0,market_4,16.2
2021-01-19,type_2,1156.38,33.15,0,0,market_4,15.9
2021-01-20,type_2,1354.91,31.62,1,0,market_4,16.1
2021-01-21,type_2,878.31,35.8,0,0,market_4,18.2
2021-01-22,type_2,1230.26,29.28,0,1,market_4,18.9
2021-01-23,type_2,910.69,29.07,0,1,market_4,18.5
2021-01-25,type_2,747.98,31.38,0,0,market_4,18.6
2021-01-26,type_2,906.84,28.17,1,0,market_4,19.1
2021-01-27,type_2,817.82,27.05,0,0,market_4,18.0
2021-01-28,type_2,855.66,28.18,0,0,market_4,19.0
2021-01-29,type_2,796.04,28.18,0,1,market_4,17.3
2021-01-30,type_2,941.27,25.79,0,1,market_4,18.1
2021-02-01,type_2,1012.52,31.71,0,0,market_4,19.8
2021-02-02,type_2,810.84,29.87,0,0,market_4,17.2
2021-02-03,type_2,885.26,29.29,0,0,market_4,17.5
2021-02-04,type_2,1022.08,28.09,0,0,market_4,15.6
2021-02-05,type_2,1093.17,27.61,0,1,market_4,14.7
2021-02-06,type_2,1177.66,32.09,0,1,market_4,15.2
2021-02-08,type_2,1016.96,30.15,0,0,market_4,17.9
2021-02-09,type_2,949.2,27.47,0,0,market_4,18.5
2021-02-10,type_2,933.54,28.78,0,0,market_4,16.9
2021-02-11,type_2,860.14,29.07,0,0,market_4,17.7
2021-02-12,type_2,1179.53,26.63,0,1,market_4,18.7
2021-02-13,type_2,1077.86,25.81,0,1,market_4,19.3
2021-02-15,type_2,1054.12,28.8,0,0,market_4,19.6
2021-02-17,type_2,888.18,30.62,0,0,market_4,18.5
2021-02-18,type_2,948.19,30.24,0,0,market_4,17.5
2021-02-19,type_2,888.66,29.28,0,1,market_4,16.0
2021-02-20,type_2,1241.26,26.11,0,1,market_4,19.6
2021-02-22,type_2,949.3,34.6,0,0,market_4,16.8
2021-02-23,type_2,880.0,30.24,0,0,market_4,18.4
2021-02-24,type_2,1369.63,30.54,1,0,market_4,18.8
2021-02-25,type_2,1227.82,28.14,0,0,market_4,18.4
2021-02-26,type_2,1236.54,28.13,1,1,market_4,17.4
2021-02-27,type_2,1021.91,29.43,0,1,market_4,16.6
2021-03-01,type_2,1125.19,33.38,0,0,market_4,18.2
2021-03-02,type_2,1084.47,29.62,0,0,market_4,17.8
2021-03-03,type_2,1167.29,28.84,1,0,market_4,18.1
2021-03-04,type_2,1314.66,26.63,1,0,market_4,18.1
2021-03-05,type_2,1315.29,29.61,0,1,market_4,19.2
2021-03-06,type_2,1411.08,27.07,0,1,market_4,18.1
2021-03-08,type_1,0.0,100.0,0,0,market_4,18.0
2021-03-08,type_2,1144.55,29.15,0,0,market_4,18.0
2021-03-09,type_2,1055.57,28.78,0,0,market_4,17.7
2021-03-10,type_2,1156.55,29.17,0,0,market_4,18.1
2021-03-11,type_2,1164.9,28.44,0,0,market_4,18.2
2021-03-12,type_2,1385.31,27.92,1,1,market_4,17.6
2021-03-13,type_1,1846.01,30.0,0,1,market_4,18.2
2021-03-13,type_2,1167.95,30.53,0,1,market_4,18.2
2021-03-15,type_1,965.07,28.67,1,0,market_4,18.1
2021-03-15,type_2,826.58,30.63,1,0,market_4,18.1
2021-03-16,type_1,1224.34,33.89,1,0,market_4,18.4
2021-03-16,type_2,905.6,25.74,0,0,market_4,18.4
2021-03-17,type_1,1136.04,24.19,0,0,market_4,18.4
2021-03-17,type_2,1059.59,26.56,0,0,market_4,18.4
2021-03-18,type_1,1121.27,27.89,0,0,market_4,18.8
2021-03-18,type_2,1222.47,27.01,0,0,market_4,18.8
2021-03-19,type_1,1324.77,40.29,1,1,market_4,19.0
2021-03-19,type_2,1078.68,26.74,0,1,market_4,19.0
2021-03-20,type_1,1993.58,27.78,1,1,market_4,18.2
2021-03-20,type_2,1056.48,27.58,0,1,market_4,18.2
2021-03-22,type_1,1317.38,29.23,0,0,market_4,17.1
2021-03-22,type_2,905.69,28.6,0,0,market_4,17.1
2021-03-23,type_1,907.52,26.67,1,0,market_4,18.9
2021-03-23,type_2,895.9,29.55,0,0,market_4,18.9
2021-03-24,type_1,1080.21,26.3,0,0,market_4,21.1
2021-03-24,type_2,804.77,26.98,0,0,market_4,21.1
2021-03-25,type_1,1159.22,26.77,1,0,market_4,21.7
2021-03-25,type_2,870.99,25.83,0,0,market_4,21.7
2021-03-26,type_1,1215.01,28.79,0,1,market_4,21.1
2021-03-26,type_2,787.51,28.47,0,1,market_4,21.1
2021-03-27,type_1,1728.5,27.89,0,1,market_4,19.1
2021-03-27,type_2,999.85,24.48,0,1,market_4,19.1
2021-03-29,type_1,1909.58,26.25,1,0,market_4,18.4
2021-03-29,type_2,1148.5,26.25,1,0,market_4,18.4
2021-03-30,type_1,1734.2,30.0,0,0,market_4,18.9
2021-03-30,type_2,831.53,30.0,0,0,market_4,18.9
2021-03-31,type_1,1694.38,30.0,1,0,market_4,19.9
2021-03-31,type_2,1106.02,28.15,0,0,market_4,19.9
2021-04-01,type_1,1427.84,28.75,1,0,market_4,18.8
2021-04-01,type_2,728.34,30.45,0,0,market_4,18.8
2021-04-03,type_1,1975.3,30.0,0,1,market_4,19.5
2021-04-03,type_2,1252.64,28.77,0,1,market_4,19.5
2021-04-05,type_1,1240.35,29.0,1,0,market_4,18.8
2021-04-05,type_2,913.38,28.91,1,0,market_4,18.8
2021-04-06,type_1,1301.89,29.13,0,0,market_4,18.4
2021-04-06,type_2,1072.85,30.83,0,0,market_4,18.4
2021-04-07,type_1,1362.49,32.78,1,0,market_4,18.8
2021-04-07,type_2,1052.16,33.46,0,0,market_4,18.8
2021-04-08,type_1,1549.01,29.0,0,0,market_4,18.8
2021-04-08,type_2,707.84,32.16,0,0,market_4,18.8
2021-04-09,type_1,1487.07,31.92,1,1,market_4,19.8
2021-04-09,type_2,997.35,25.07,1,1,market_4,19.8
2021-04-10,type_1,1769.56,28.33,1,1,market_4,20.2
2021-04-10,type_2,1088.37,27.39,0,1,market_4,20.2
2021-04-12,type_1,1395.42,27.89,0,0,market_4,20.9
2021-04-12,type_2,1093.65,29.43,0,0,market_4,20.9
2021-04-13,type_1,1350.85,38.89,0,0,market_4,20.9
2021-04-13,type_2,835.33,30.46,0,0,market_4,20.9
2021-04-14,type_1,1432.11,29.19,1,0,market_4,21.4
2021-04-14,type_2,894.89,27.95,1,0,market_4,21.4
2021-04-15,type_1,1421.5,38.65,0,0,market_4,21.3
2021-04-15,type_2,902.26,28.59,0,0,market_4,21.3
2021-04-16,type_1,1369.79,27.5,1,1,market_4,20.8
2021-04-16,type_2,839.25,26.54,0,1,market_4,20.8
2021-04-17,type_1,2261.29,26.36,1,1,market_4,20.9
2021-04-17,type_2,1078.23,26.51,0,1,market_4,20.9
2021-04-19,type_1,1563.61,29.35,0,0,market_4,20.5
2021-04-19,type_2,1033.46,27.34,1,0,market_4,20.5
2021-04-20,type_1,1439.46,30.0,1,0,market_4,20.9
2021-04-20,type_2,884.03,27.01,0,0,market_4,20.9
2021-04-21,type_1,1406.57,28.57,0,0,market_4,20.4
2021-04-21,type_2,1023.7,27.43,0,0,market_4,20.4
2021-04-22,type_1,1217.21,29.13,1,0,market_4,20.3
2021-04-22,type_2,1035.32,27.89,0,0,market_4,20.3
2021-04-23,type_1,1460.91,29.23,0,1,market_4,21.1
2021-04-23,type_2,1166.21,27.65,0,1,market_4,21.1
2021-04-24,type_1,2410.08,30.0,0,1,market_4,21.5
2021-04-24,type_2,1107.69,27.24,0,1,market_4,21.5
2021-04-26,type_1,1448.41,27.14,0,0,market_4,21.4
2021-04-26,type_2,933.21,28.68,1,0,market_4,21.4
2021-04-27,type_1,1238.58,37.0,1,0,market_4,19.9
2021-04-27,type_2,894.35,30.0,0,0,market_4,19.9
2021-04-28,type_1,1370.45,30.0,0,0,market_4,19.8
2021-04-28,type_2,960.6,33.07,0,0,market_4,19.8
2021-04-29,type_1,1315.77,30.0,0,0,market_4,19.4
2021-04-29,type_2,931.1,30.99,0,0,market_4,19.4
2021-04-30,type_1,1761.7,27.5,1,1,market_4,19.3
2021-04-30,type_2,1078.74,26.22,0,1,market_4,19.3
2021-05-02,type_1,811.37,28.18,0,1,market_4,19.8
2021-05-02,type_2,302.88,27.83,0,1,market_4,19.8
2021-05-03,type_1,1826.4,29.33,0,0,market_4,20.1
2021-05-03,type_2,1180.62,29.82,0,0,market_4,20.1
2021-05-04,type_1,1479.57,30.0,1,0,market_4,19.7
2021-05-04,type_2,976.56,26.0,0,0,market_4,19.7
2021-05-05,type_1,1549.64,30.0,0,0,market_4,20.2
2021-05-05,type_2,899.95,30.17,0,0,market_4,20.2
2021-05-06,type_1,1454.87,28.4,0,0,market_4,20.6
2021-05-06,type_2,1250.55,27.29,0,0,market_4,20.6
2021-05-07,type_1,1866.8,29.26,0,1,market_4,20.3
2021-05-07,type_2,995.34,26.0,0,1,market_4,20.3
2021-05-08,type_1,2208.33,30.0,0,1,market_4,21.2
2021-05-08,type_2,1052.29,25.87,0,1,market_4,21.2
2021-05-10,type_1,1323.105,30.0,0,0,market_4,21.4
2021-05-10,type_2,1153.455,28.05,0,0,market_4,21.4
2021-05-11,type_1,1363.68,30.0,0,0,market_4,20.3
2021-05-11,type_2,1017.26,28.71,0,0,market_4,20.3
2021-05-12,type_1,1426.555,51.79,0,0,market_4,20.6
2021-05-12,type_2,974.775,27.29,0,0,market_4,20.6
2021-05-13,type_1,1387.555,33.13,0,0,market_4,20.9
2021-05-13,type_2,989.515,29.87,0,0,market_4,20.9
2021-05-14,type_1,1639.247,41.91,0,1,market_4,20.8
2021-05-14,type_2,904.877,27.75,0,1,market_4,20.8
2021-05-15,type_1,2337.055,28.75,0,1,market_4,21.1
2021-05-15,type_2,1202.4375,27.7,0,1,market_4,21.1
2021-05-17,type_1,1565.91,28.89,0,0,market_4,21.5
2021-05-17,type_2,938.725,35.54,0,0,market_4,21.5
2021-05-18,type_1,1482.24,30.42,0,0,market_4,21.2
2021-05-18,type_2,986.3250000000002,29.76,0,0,market_4,21.2
2021-05-19,type_1,1543.96,28.52,0,0,market_4,21.1
2021-05-19,type_2,838.38,32.31,0,0,market_4,21.1
2021-05-20,type_1,1373.335,25.33,0,0,market_4,23.2
2021-05-20,type_2,788.97,27.74,0,0,market_4,23.2
2021-05-21,type_1,1480.415,30.0,0,1,market_4,23.5
2021-05-21,type_2,960.9000000000002,27.37,0,1,market_4,23.5
2021-05-22,type_1,2144.65,30.0,0,1,market_4,22.2
2021-05-22,type_2,1104.105,30.18,1,1,market_4,22.2
2021-05-24,type_1,1697.27,26.84,0,0,market_4,20.2
2021-05-24,type_2,905.5700000000002,28.08,0,0,market_4,20.2
2021-05-25,type_1,1431.3,28.33,1,0,market_4,20.6
2021-05-25,type_2,940.8950000000002,26.67,0,0,market_4,20.6
2021-05-26,type_1,1448.75,32.8,0,0,market_4,20.2
2021-05-26,type_2,826.43,29.86,1,0,market_4,20.2
2021-05-27,type_1,1403.71,28.26,1,0,market_4,20.3
2021-05-27,type_2,859.18,24.15,0,0,market_4,20.3
2021-05-28,type_1,1906.48,30.0,0,1,market_4,20.9
2021-05-28,type_2,958.65,27.5,1,1,market_4,20.9
2021-05-29,type_1,2431.32,31.92,0,1,market_4,20.1
2021-05-29,type_2,885.22,32.62,1,1,market_4,20.1
2021-05-31,type_1,1600.06,33.33,0,0,market_4,20.9
2021-05-31,type_2,900.46,28.31,1,0,market_4,20.9
2021-06-01,type_1,1580.2,29.13,0,0,market_4,20.6
2021-06-01,type_2,943.93,30.51,1,0,market_4,20.6
2021-06-02,type_1,1552.73,30.0,0,0,market_4,20.3
2021-06-02,type_2,962.83,29.51,0,0,market_4,20.3
2021-06-03,type_1,1604.07,29.05,0,0,market_4,21.2
2021-06-03,type_2,835.36,29.0,1,0,market_4,21.2
2021-06-04,type_1,2051.07,28.24,0,1,market_4,20.6
2021-06-04,type_2,1035.71,31.46,0,1,market_4,20.6
2021-06-05,type_1,2408.58,28.57,0,1,market_4,20.9
2021-06-05,type_2,968.16,28.49,0,1,market_4,20.9
2021-06-07,type_1,1639.11,28.95,0,0,market_4,21.6
2021-06-07,type_2,1108.99,35.33,0,0,market_4,21.6
2021-06-08,type_1,1264.97,24.55,1,0,market_4,22.0
2021-06-08,type_2,871.15,28.38,0,0,market_4,22.0
2021-06-09,type_1,1548.94,42.35,0,0,market_4,25.7
2021-06-09,type_2,891.57,28.53,1,0,market_4,25.7
2021-06-10,type_1,1555.93,29.09,1,0,market_4,25.8
2021-06-10,type_2,1401.44,26.05,0,0,market_4,25.8
2021-06-11,type_1,1789.41,29.05,0,1,market_4,24.7
2021-06-11,type_2,1012.22,27.7,0,1,market_4,24.7
2021-06-12,type_1,2182.02,28.75,0,1,market_4,22.0
2021-06-12,type_2,955.44,26.87,0,1,market_4,22.0
2021-06-14,type_1,1531.78,28.13,0,0,market_4,22.2
2021-06-14,type_2,941.58,28.74,0,0,market_4,22.2
2021-06-15,type_1,1600.37,27.14,0,0,market_4,22.5
2021-06-15,type_2,917.37,32.54,1,0,market_4,22.5
2021-06-16,type_1,1490.99,26.0,0,0,market_4,22.8
2021-06-16,type_2,861.2,29.7,0,0,market_4,22.8
2021-06-17,type_1,1777.69,32.22,1,0,market_4,22.6
2021-06-17,type_2,861.49,32.86,1,0,market_4,22.6
2021-06-18,type_1,1566.51,24.17,0,1,market_4,21.7
2021-06-18,type_2,949.57,27.22,0,1,market_4,21.7
2021-06-19,type_1,2199.32,30.0,0,1,market_4,21.2
2021-06-19,type_2,874.45,24.57,0,1,market_4,21.2
2021-06-21,type_1,1536.99,26.88,0,0,market_4,22.6
2021-06-21,type_2,1088.98,29.1,0,0,market_4,22.6
2021-06-22,type_1,1401.99,30.29,0,0,market_4,22.1
2021-06-22,type_2,1040.03,28.13,0,0,market_4,22.1
2021-06-23,type_1,1348.32,27.56,0,0,market_4,22.1
2021-06-23,type_2,910.96,28.49,0,0,market_4,22.1
2021-06-24,type_1,1641.45,25.0,0,0,market_4,21.8
2021-06-24,type_2,926.23,27.6,1,0,market_4,21.8
2021-06-25,type_1,1811.89,28.0,0,1,market_4,20.6
2021-06-25,type_2,1235.36,15.86,0,1,market_4,20.6
2021-06-26,type_1,1656.63,40.0,0,1,market_4,21.8
2021-06-26,type_2,1209.62,17.58,0,1,market_4,21.8
2021-06-28,type_1,1778.69,30.31,0,0,market_4,22.1
2021-06-28,type_2,1015.02,38.61,0,0,market_4,22.1
2021-06-29,type_1,1702.5,26.8,1,0,market_4,22.0
2021-06-29,type_2,1075.96,26.53,1,0,market_4,22.0
2021-06-30,type_1,1835.05,27.86,0,0,market_4,21.6
2021-06-30,type_2,1177.89,28.49,0,0,market_4,21.6
2021-07-01,type_1,2166.11,33.33,0,0,market_4,22.1
2021-07-01,type_2,1118.57,29.02,0,0,market_4,22.1
2021-07-02,type_1,1854.09,28.82,0,1,market_4,22.4
2021-07-02,type_2,1137.9,29.88,0,1,market_4,22.4
2021-07-03,type_1,2496.99,32.0,0,1,market_4,23.2
2021-07-03,type_2,1107.95,27.1,0,1,market_4,23.2
2021-07-05,type_1,2034.95,26.92,1,0,market_4,22.9
2021-07-05,type_2,1282.04,27.71,0,0,market_4,22.9
2021-07-06,type_1,1983.38,31.67,0,0,market_4,22.9
2021-07-06,type_2,1017.22,28.1,0,0,market_4,22.9
2021-07-07,type_1,2028.4,28.33,0,0,market_4,23.2
2021-07-07,type_2,1226.11,28.4,0,0,market_4,23.2
2021-07-08,type_1,2455.36,28.93,1,0,market_4,22.4
2021-07-08,type_2,1221.37,28.75,0,0,market_4,22.4
2021-07-09,type_1,1873.68,27.03,0,1,market_4,22.0
2021-07-09,type_2,1429.08,27.07,1,1,market_4,22.0
2021-07-10,type_1,2371.97,30.0,1,1,market_4,23.5
2021-07-10,type_2,1161.04,24.77,0,1,market_4,23.5
2021-07-12,type_1,1982.53,35.15,0,0,market_4,29.2
2021-07-12,type_2,956.62,33.77,0,0,market_4,29.2
2021-07-13,type_1,1917.89,31.43,0,0,market_4,24.3
2021-07-13,type_2,987.36,32.39,0,0,market_4,24.3
2021-07-14,type_1,1815.32,28.18,0,0,market_4,23.3
2021-07-14,type_2,967.86,28.59,0,0,market_4,23.3
2021-07-15,type_1,1812.88,30.0,0,0,market_4,23.1
2021-07-15,type_2,1303.05,27.68,0,0,market_4,23.1
2021-07-16,type_1,1429.0,30.0,0,1,market_4,23.7
2021-07-16,type_2,987.7,27.92,0,1,market_4,23.7
2021-07-17,type_1,1661.89,28.82,1,1,market_4,24.7
2021-07-17,type_2,1062.1,28.25,0,1,market_4,24.7
2021-07-19,type_1,2017.0,29.26,0,0,market_4,26.6
2021-07-19,type_2,1354.42,29.56,0,0,market_4,26.6
2021-07-20,type_1,1736.74,28.46,1,0,market_4,23.1
2021-07-20,type_2,1013.33,30.22,0,0,market_4,23.1
2021-07-21,type_1,1770.97,29.25,0,0,market_4,22.4
2021-07-21,type_2,957.37,34.07,0,0,market_4,22.4
2021-07-22,type_1,1826.87,33.89,0,0,market_4,22.8
2021-07-22,type_2,1230.82,25.56,0,0,market_4,22.8
2021-07-23,type_1,1694.63,37.31,0,1,market_4,23.7
2021-07-23,type_2,1253.71,24.89,0,1,market_4,23.7
2021-07-24,type_1,1821.38,28.95,0,1,market_4,23.5
2021-07-24,type_2,1197.11,28.1,0,1,market_4,23.5
2021-07-26,type_1,1981.05,27.65,0,0,market_4,23.3
2021-07-26,type_2,1316.56,27.59,0,0,market_4,23.3
2021-07-27,type_1,2000.59,37.5,0,0,market_4,23.2
2021-07-27,type_2,1179.53,30.58,0,0,market_4,23.2
2021-07-28,type_1,1821.03,30.0,0,0,market_4,23.1
2021-07-28,type_2,1189.86,28.41,0,0,market_4,23.1
2021-07-29,type_1,1752.97,28.62,1,0,market_4,23.2
2021-07-29,type_2,1050.18,31.49,0,0,market_4,23.2
2021-07-30,type_1,1846.99,37.24,0,1,market_4,23.4
2021-07-30,type_2,1081.43,28.29,0,1,market_4,23.4
2021-07-31,type_1,2872.62,27.33,0,1,market_4,23.6
2021-07-31,type_2,1212.26,27.95,0,1,market_4,23.6
2021-08-02,type_1,2457.31,30.83,1,0,market_4,23.3
2021-08-02,type_2,1302.36,28.87,0,0,market_4,23.3
2021-08-03,type_1,1961.06,29.33,1,0,market_4,23.4
2021-08-03,type_2,1414.74,28.23,0,0,market_4,23.4
2021-08-04,type_1,2083.29,28.4,1,0,market_4,23.6
2021-08-04,type_2,1256.11,30.0,0,0,market_4,23.6
2021-08-05,type_1,2170.17,29.35,0,0,market_4,23.6
2021-08-05,type_2,1314.08,31.01,1,0,market_4,23.6
2021-08-06,type_1,2208.13,29.38,1,1,market_4,23.6
2021-08-06,type_2,1330.3,30.0,0,1,market_4,23.6
2021-08-07,type_1,2292.86,30.0,0,1,market_4,23.7
2021-08-07,type_2,1128.67,28.54,0,1,market_4,23.7
2021-08-09,type_1,2246.58,30.0,0,0,market_4,23.2
2021-08-09,type_2,1369.36,29.7,0,0,market_4,23.2
2021-08-10,type_1,1903.72,29.23,1,0,market_4,23.0
2021-08-10,type_2,1253.88,27.59,0,0,market_4,23.0
2021-08-11,type_1,1821.65,28.89,1,0,market_4,23.3
2021-08-11,type_2,1437.25,29.74,0,0,market_4,23.3
2021-08-12,type_1,1973.91,30.0,0,0,market_4,23.8
2021-08-12,type_2,1370.83,28.41,0,0,market_4,23.8
2021-08-13,type_1,1853.35,30.0,1,1,market_4,24.6
2021-08-13,type_2,1089.19,27.14,0,1,market_4,24.6
2021-08-14,type_1,2256.19,32.86,1,1,market_4,24.8
2021-08-14,type_2,1223.69,27.0,0,1,market_4,24.8
2021-08-16,type_1,1554.21,26.25,0,0,market_4,32.7
2021-08-16,type_2,723.06,28.4,0,0,market_4,32.7
2021-08-17,type_1,2515.47,33.89,1,0,market_4,33.6
2021-08-17,type_2,1237.58,29.86,1,0,market_4,33.6
2021-08-18,type_1,2071.73,26.19,0,0,market_4,27.2
2021-08-18,type_2,1177.38,29.2,0,0,market_4,27.2
2021-08-19,type_1,2109.46,27.04,1,0,market_4,25.3
2021-08-19,type_2,1165.19,27.5,1,0,market_4,25.3
2021-08-20,type_1,2018.49,28.0,0,1,market_4,23.3
2021-08-20,type_2,1039.32,27.5,0,1,market_4,23.3
2021-08-21,type_1,2032.95,32.0,1,1,market_4,23.5
2021-08-21,type_2,1103.76,24.75,0,1,market_4,23.5
2021-08-23,type_1,2266.17,28.62,0,0,market_4,24.1
2021-08-23,type_2,1467.17,28.48,0,0,market_4,24.1
2021-08-24,type_1,2178.31,30.0,0,0,market_4,24.0
2021-08-24,type_2,1282.38,30.61,0,0,market_4,24.0
2021-08-26,type_1,2115.55,30.0,1,0,market_4,23.4
2021-08-26,type_2,1482.57,29.14,0,0,market_4,23.4
2021-08-27,type_1,1889.1,30.0,0,1,market_4,23.6
2021-08-27,type_2,1204.18,28.51,0,1,market_4,23.6
2021-08-28,type_1,2254.21,30.0,1,1,market_4,25.1
2021-08-28,type_2,1072.14,30.0,0,1,market_4,25.1
2021-08-30,type_1,2211.29,28.57,1,0,market_4,24.8
2021-08-30,type_2,1372.45,26.33,0,0,market_4,24.8
2021-08-31,type_1,2158.3,27.27,0,0,market_4,25.2
2021-08-31,type_2,1563.6,26.97,0,0,market_4,25.2
2021-09-01,type_1,1944.92,27.39,1,0,market_4,24.0
2021-09-01,type_2,1175.31,27.86,0,0,market_4,24.0
2021-09-02,type_1,2079.76,27.78,0,0,market_4,25.1
2021-09-02,type_2,1190.35,26.51,0,0,market_4,25.1
2021-09-03,type_1,2086.3,28.18,1,1,market_4,24.2
2021-09-03,type_2,1227.2,26.7,0,1,market_4,24.2
2021-09-04,type_1,2721.77,28.67,1,1,market_4,23.1
2021-09-04,type_2,1194.0,28.19,0,1,market_4,23.1
2021-09-06,type_1,2432.93,29.13,0,0,market_4,24.7
2021-09-06,type_2,1383.87,28.41,0,0,market_4,24.7
2021-09-07,type_1,2330.66,28.0,0,0,market_4,26.2
2021-09-07,type_2,1054.26,33.13,0,0,market_4,26.2
2021-09-08,type_1,1926.5,32.38,1,0,market_4,25.9
2021-09-08,type_2,1175.38,30.39,0,0,market_4,25.9
2021-09-09,type_1,2113.74,27.84,0,0,market_4,24.9
2021-09-09,type_2,1069.77,28.89,0,0,market_4,24.9
2021-09-10,type_1,1797.27,28.13,0,1,market_4,24.9
2021-09-10,type_2,1312.2,26.18,0,1,market_4,24.9
2021-09-11,type_1,2497.24,31.79,0,1,market_4,24.2
2021-09-11,type_2,1158.21,19.74,0,1,market_4,24.2
2021-09-13,type_1,1828.06,25.17,0,0,market_4,24.4
2021-09-13,type_2,1170.23,28.31,0,0,market_4,24.4
2021-09-14,type_1,1999.64,25.63,0,0,market_4,25.7
2021-09-14,type_2,1173.97,33.19,0,0,market_4,25.7
2021-09-16,type_1,2191.3,26.3,0,0,market_4,25.2
2021-09-16,type_2,1308.89,26.53,0,0,market_4,25.2
2021-09-17,type_1,1962.45,32.58,0,1,market_4,24.7
2021-09-17,type_2,1622.46,26.63,0,1,market_4,24.7
2021-09-18,type_1,2719.18,29.0,0,1,market_4,23.8
2021-09-18,type_2,1324.02,28.17,0,1,market_4,23.8
2021-09-20,type_1,2160.0,28.18,1,0,market_4,24.0
2021-09-20,type_2,1086.07,29.86,0,0,market_4,24.0
2021-09-21,type_1,1873.31,30.0,1,0,market_4,24.0
2021-09-21,type_2,1105.41,37.95,0,0,market_4,24.0
2021-09-22,type_1,1779.37,26.97,1,0,market_4,24.2
2021-09-22,type_2,1161.11,30.46,0,0,market_4,24.2
2021-09-23,type_1,1619.38,28.79,1,0,market_4,22.9
2021-09-23,type_2,1001.77,29.47,1,0,market_4,22.9
2021-09-24,type_1,1816.81,28.18,0,1,market_4,22.8
2021-09-24,type_2,1302.01,26.79,0,1,market_4,22.8
2021-09-25,type_1,2662.24,34.76,0,1,market_4,22.4
2021-09-25,type_2,1101.49,32.78,0,1,market_4,22.4
2021-09-27,type_1,1772.8,32.8,0,0,market_4,23.6
2021-09-27,type_2,1079.32,26.25,0,0,market_4,23.6
2021-09-28,type_1,1650.9,29.17,0,0,market_4,23.9
2021-09-28,type_2,1286.02,27.4,0,0,market_4,23.9
2021-09-29,type_1,2051.75,29.55,0,0,market_4,23.9
2021-09-29,type_2,1156.61,28.13,1,0,market_4,23.9
2021-09-30,type_1,1893.9,39.46,0,0,market_4,24.9
2021-09-30,type_2,1626.29,25.04,1,0,market_4,24.9
2021-10-01,type_1,1951.17,40.77,0,1,market_4,26.5
2021-10-01,type_2,1297.21,41.08,0,1,market_4,26.5
2021-10-02,type_1,2982.28,29.17,0,1,market_4,25.0
2021-10-02,type_2,1620.62,27.67,0,1,market_4,25.0
2021-10-04,type_1,2000.63,38.29,1,0,market_4,23.6
2021-10-04,type_2,1684.26,34.11,0,0,market_4,23.6
2021-10-05,type_1,2184.57,46.0,0,0,market_4,22.7
2021-10-05,type_2,1317.9,28.98,1,0,market_4,22.7
2021-10-06,type_1,2035.64,32.69,0,0,market_4,23.9
2021-10-06,type_2,1615.63,27.6,0,0,market_4,23.9
2021-10-07,type_1,2539.0,30.0,1,0,market_4,22.4
2021-10-07,type_2,1494.85,27.43,0,0,market_4,22.4
2021-10-08,type_1,1976.14,30.0,0,1,market_4,22.8
2021-10-08,type_2,1352.82,26.81,1,1,market_4,22.8
2021-10-09,type_1,3270.76,28.95,1,1,market_4,23.7
2021-10-09,type_2,1577.84,34.76,0,1,market_4,23.7
2021-10-11,type_1,2544.41,30.0,0,0,market_4,23.6
2021-10-11,type_2,1847.78,29.24,0,0,market_4,23.6
2021-10-13,type_1,2073.58,30.0,0,0,market_4,23.0
2021-10-13,type_2,1567.46,28.29,0,0,market_4,23.0
2021-10-14,type_1,1997.44,34.55,1,0,market_4,22.9
2021-10-14,type_2,1348.72,37.73,0,0,market_4,22.9
2021-10-15,type_1,1921.75,32.0,0,1,market_4,23.4
2021-10-15,type_2,1497.95,27.21,0,1,market_4,23.4
2021-10-16,type_1,2667.27,28.39,0,1,market_4,22.4
2021-10-16,type_2,1600.86,26.82,1,1,market_4,22.4
2021-10-18,type_1,1967.82,35.15,0,0,market_4,22.4
2021-10-18,type_2,1306.76,25.42,0,0,market_4,22.4
2021-10-19,type_1,1813.4,32.92,0,0,market_4,21.6
2021-10-19,type_2,2030.74,27.91,0,0,market_4,21.6
2021-10-20,type_1,1850.12,28.89,0,0,market_4,22.4
2021-10-20,type_2,1345.69,28.02,1,0,market_4,22.4
2021-10-21,type_1,1803.74,30.0,0,0,market_4,23.1
2021-10-21,type_2,1335.19,31.53,0,0,market_4,23.1
2021-10-22,type_1,2409.95,30.0,0,1,market_4,22.4
2021-10-22,type_2,1569.43,27.22,0,1,market_4,22.4
2021-10-23,type_1,3035.76,28.57,0,1,market_4,22.6
2021-10-23,type_2,1449.29,27.25,0,1,market_4,22.6
2021-10-25,type_1,2073.38,33.04,0,0,market_4,22.6
2021-10-25,type_2,1292.21,28.18,0,0,market_4,22.6
2021-10-26,type_1,1870.33,26.3,1,0,market_4,22.0
2021-10-26,type_2,1435.96,24.93,0,0,market_4,22.0
2021-10-27,type_1,2056.07,27.06,0,0,market_4,22.0
2021-10-27,type_2,1377.94,31.81,0,0,market_4,22.0
2021-10-28,type_1,2136.86,29.26,0,0,market_4,22.1
2021-10-28,type_2,1699.25,28.1,0,0,market_4,22.1
2021-10-29,type_1,2145.94,28.26,0,1,market_4,20.9
2021-10-29,type_2,1232.97,28.89,0,1,market_4,20.9
2021-10-30,type_1,2953.69,31.11,0,1,market_4,20.1
2021-10-30,type_2,1638.72,32.43,0,1,market_4,20.1
2021-11-01,type_1,1976.3,27.39,0,0,market_4,20.7
2021-11-01,type_2,1003.69,30.26,0,0,market_4,20.7
2021-11-02,type_1,1981.99,27.27,0,0,market_4,22.1
2021-11-02,type_2,1493.63,28.89,1,0,market_4,22.1
2021-11-03,type_1,2273.99,26.0,0,0,market_4,22.4
2021-11-03,type_2,1434.85,31.71,0,0,market_4,22.4
2021-11-04,type_1,2481.91,27.69,1,0,market_4,21.4
2021-11-04,type_2,1293.39,29.86,0,0,market_4,21.4
2021-11-05,type_1,2575.31,35.26,0,1,market_4,20.4
2021-11-05,type_2,1553.78,30.59,0,1,market_4,20.4
2021-11-06,type_1,3565.0,21.3,0,1,market_4,20.3
2021-11-06,type_2,1814.06,24.84,0,1,market_4,20.3
2021-11-08,type_1,2351.01,30.0,0,0,market_4,19.3
2021-11-08,type_2,1472.53,33.0,0,0,market_4,19.3
2021-11-09,type_1,2229.06,28.46,0,0,market_4,18.9
2021-11-09,type_2,1414.81,27.56,0,0,market_4,18.9
2021-11-10,type_1,2029.04,29.35,0,0,market_4,19.1
2021-11-10,type_2,1303.41,27.88,1,0,market_4,19.1
2021-11-11,type_1,2399.92,66.62,0,0,market_4,19.7
2021-11-11,type_2,1795.81,29.88,1,0,market_4,19.7
2021-11-12,type_1,2462.74,30.0,0,1,market_4,20.3
2021-11-12,type_2,1513.91,30.0,0,1,market_4,20.3
2021-11-13,type_1,3363.95,30.0,1,1,market_4,19.9
2021-11-13,type_2,2015.22,25.75,1,1,market_4,19.9
2021-11-15,type_1,2340.31,29.38,0,0,market_4,19.2
2021-11-15,type_2,1692.94,27.65,0,0,market_4,19.2
2021-11-16,type_1,2021.33,29.23,0,0,market_4,19.2
2021-11-16,type_2,1727.84,33.42,0,0,market_4,19.2
2021-11-17,type_1,2153.71,29.33,0,0,market_4,19.6
2021-11-17,type_2,1387.66,29.01,1,0,market_4,19.6
2021-11-18,type_1,1732.86,28.0,0,0,market_4,18.9
2021-11-18,type_2,1511.92,30.59,1,0,market_4,18.9
2021-11-19,type_1,2108.66,27.07,1,1,market_4,18.7
2021-11-19,type_2,1458.42,29.29,1,1,market_4,18.7
2021-11-20,type_1,2956.11,30.33,1,1,market_4,18.2
2021-11-20,type_2,1739.35,30.71,1,1,market_4,18.2
2021-11-22,type_1,2004.62,30.0,0,0,market_4,19.7
2021-11-22,type_2,1456.58,35.15,1,0,market_4,19.7
2021-11-23,type_1,2120.25,28.57,0,0,market_4,20.3
2021-11-23,type_2,1479.78,28.24,0,0,market_4,20.3
2021-11-24,type_1,2445.88,37.78,0,0,market_4,19.5
2021-11-24,type_2,1238.3,36.91,0,0,market_4,19.5
2021-11-25,type_1,2635.89,28.8,0,0,market_4,18.2
2021-11-25,type_2,1998.26,26.92,0,0,market_4,18.2
2021-11-26,type_1,3449.25,26.67,0,1,market_4,16.6
2021-11-26,type_2,2218.93,26.46,0,1,market_4,16.6
2021-11-27,type_1,3605.68,26.77,0,1,market_4,17.8
2021-11-27,type_2,2386.45,26.67,0,1,market_4,17.8
2021-11-28,type_1,1053.15,28.05,0,1,market_4,18.4
2021-11-28,type_2,754.05,27.84,0,1,market_4,18.4
2021-11-29,type_1,2423.74,26.41,0,0,market_4,18.1
2021-11-29,type_2,1700.26,30.22,0,0,market_4,18.1
2021-11-30,type_1,1993.36,32.17,0,0,market_4,17.9
2021-11-30,type_2,1334.43,29.76,0,0,market_4,17.9
2021-12-01,type_1,2151.67,32.11,0,0,market_4,17.9
2021-12-01,type_2,1568.03,28.11,1,0,market_4,17.9
2021-12-02,type_1,2525.41,26.32,0,0,market_4,18.4
2021-12-02,type_2,1519.91,29.0,0,0,market_4,18.4
2021-12-03,type_1,2604.31,31.5,0,1,market_4,18.2
2021-12-03,type_2,1568.3,28.05,0,1,market_4,18.2
2021-12-04,type_1,3569.94,28.18,0,1,market_4,17.9
2021-12-04,type_2,2053.71,34.04,1,1,market_4,17.9
2021-12-06,type_1,2659.68,28.62,1,0,market_4,18.2
2021-12-06,type_2,1468.82,28.64,0,0,market_4,18.2
2021-12-07,type_1,2851.58,28.52,0,0,market_4,17.8
2021-12-07,type_2,3054.37,30.84,0,0,market_4,17.8
2021-12-08,type_1,2023.41,27.39,0,0,market_4,18.4
2021-12-08,type_2,1110.09,30.32,0,0,market_4,18.4
2021-12-09,type_1,2338.11,24.09,0,0,market_4,18.8
2021-12-09,type_2,2377.0,26.58,0,0,market_4,18.8
2021-12-10,type_1,2149.31,30.91,0,1,market_4,18.4
2021-12-10,type_2,1615.93,26.99,0,1,market_4,18.4
2021-12-11,type_1,2887.06,28.86,0,1,market_4,18.2
2021-12-11,type_2,1462.13,25.56,0,1,market_4,18.2
2021-12-12,type_1,902.29,29.13,0,1,market_4,17.7
2021-12-12,type_2,776.92,29.79,0,1,market_4,17.7
2021-12-13,type_1,2341.83,28.46,1,0,market_4,18.3
2021-12-13,type_2,1585.43,28.55,0,0,market_4,18.3
2021-12-14,type_1,2340.53,31.3,1,0,market_4,18.4
2021-12-14,type_2,1450.51,33.08,0,0,market_4,18.4
2021-12-15,type_1,2204.59,40.69,0,0,market_4,17.9
2021-12-15,type_2,1543.16,27.92,0,0,market_4,17.9
2021-12-16,type_1,2023.88,32.14,0,0,market_4,18.2
2021-12-16,type_2,1407.78,27.14,0,0,market_4,18.2
2021-12-17,type_1,1849.15,30.0,0,1,market_4,18.4
2021-12-17,type_2,1585.53,29.29,0,1,market_4,18.4
2021-12-18,type_1,2535.22,30.0,0,1,market_4,18.7
2021-12-18,type_2,2007.0,29.28,0,1,market_4,18.7
2021-12-19,type_1,1016.03,30.0,0,1,market_4,17.1
2021-12-19,type_2,970.98,27.98,0,1,market_4,17.1
2021-12-20,type_1,2261.71,28.13,0,0,market_4,18.9
2021-12-20,type_2,1886.57,28.65,0,0,market_4,18.9
2021-12-21,type_1,1939.92,26.19,0,0,market_4,19.2
2021-12-21,type_2,1675.77,27.05,0,0,market_4,19.2
2021-12-22,type_1,2320.63,28.05,0,0,market_4,18.3
2021-12-22,type_2,1554.11,29.78,0,0,market_4,18.3
2021-12-23,type_1,1899.57,27.04,0,0,market_4,18.1
2021-12-23,type_2,1878.11,26.4,0,0,market_4,18.1
2021-12-24,type_1,1295.3,27.93,0,1,market_4,17.8
2021-12-24,type_2,1062.6,27.5,0,1,market_4,17.8
2021-12-26,type_1,1449.51,25.38,0,1,market_4,18.8
2021-12-26,type_2,916.01,29.32,0,1,market_4,18.8
2021-12-27,type_1,2371.31,31.67,1,0,market_4,19.0
2021-12-27,type_2,1502.32,28.64,0,0,market_4,19.0
2021-12-28,type_1,2231.95,33.87,0,0,market_4,19.3
2021-12-28,type_2,1490.06,27.88,0,0,market_4,19.3
2021-12-29,type_1,2120.65,29.58,0,0,market_4,18.3
2021-12-29,type_2,1232.19,27.27,0,0,market_4,18.3
2021-12-30,type_1,2190.8,28.62,0,0,market_4,20.1
2021-12-30,type_2,1681.44,27.75,0,0,market_4,20.1
2021-12-31,type_1,1228.69,27.14,0,1,market_4,21.0
2021-12-31,type_2,756.98,29.07,0,1,market_4,21.0
2022-01-02,type_1,1560.02,30.0,0,1,market_4,19.3
2022-01-02,type_2,838.09,25.67,0,1,market_4,19.3
2022-01-03,type_1,2516.36,29.07,0,0,market_4,17.5
2022-01-03,type_2,1620.86,26.67,1,0,market_4,17.5
2022-01-04,type_1,2508.77,29.56,1,0,market_4,17.7
2022-01-04,type_2,1303.73,28.95,0,0,market_4,17.7
2022-01-05,type_1,2143.11,31.71,0,0,market_4,18.4
2022-01-05,type_2,1252.5,29.49,0,0,market_4,18.4
2022-01-07,type_1,2542.13,27.14,0,1,market_4,18.6
2022-01-07,type_2,1574.03,31.88,0,1,market_4,18.6
2022-01-08,type_1,2389.48,26.92,0,1,market_4,18.4
2022-01-08,type_2,1438.69,25.85,0,1,market_4,18.4
2022-01-10,type_1,1848.54,28.18,0,0,market_4,18.0
2022-01-10,type_2,1629.76,27.71,0,0,market_4,18.0
2022-01-11,type_1,1474.13,28.33,0,0,market_4,17.0
2022-01-11,type_2,1185.9,29.49,0,0,market_4,17.0
2022-01-12,type_1,1443.15,30.36,0,0,market_4,17.0
2022-01-12,type_2,1228.07,27.19,0,0,market_4,17.0
2022-01-13,type_1,1424.39,24.07,0,0,market_4,17.1
2022-01-13,type_2,1141.57,30.46,0,0,market_4,17.1
2022-01-14,type_1,1729.8,27.69,0,1,market_4,18.3
2022-01-14,type_2,1231.51,28.55,0,1,market_4,18.3
2022-01-15,type_1,2350.97,25.71,0,1,market_4,18.8
2022-01-15,type_2,2153.09,31.67,0,1,market_4,18.8
2022-01-17,type_1,1891.65,30.0,0,0,market_4,17.6
2022-01-17,type_2,1515.0,33.76,0,0,market_4,17.6
2022-01-18,type_1,2033.65,28.46,0,0,market_4,17.3
2022-01-18,type_2,1413.19,29.66,0,0,market_4,17.3
2022-01-19,type_1,1843.57,27.86,0,0,market_4,18.5
2022-01-19,type_2,1437.6,29.31,0,0,market_4,18.5
2022-01-20,type_1,1455.47,29.39,1,0,market_4,19.2
2022-01-20,type_2,1454.44,26.21,0,0,market_4,19.2
2022-01-21,type_1,1548.31,30.0,0,1,market_4,18.8
2022-01-21,type_2,1422.17,27.42,0,1,market_4,18.8
2022-01-22,type_1,2011.62,30.0,0,1,market_4,17.6
2022-01-22,type_2,1455.6,21.62,0,1,market_4,17.6
2022-01-24,type_1,1420.48,28.06,0,0,market_4,18.4
2022-01-24,type_2,1304.25,27.65,0,0,market_4,18.4
2022-01-25,type_1,1795.84,25.0,0,0,market_4,17.8
2022-01-25,type_2,1491.92,30.48,0,0,market_4,17.8
2022-01-26,type_1,1993.82,28.18,0,0,market_4,16.6
2022-01-26,type_2,1223.82,28.48,0,0,market_4,16.6
2022-01-27,type_1,1832.61,32.41,0,0,market_4,15.7
2022-01-27,type_2,1344.33,33.25,0,0,market_4,15.7
2022-01-28,type_1,1973.24,26.0,0,1,market_4,16.9
2022-01-28,type_2,1267.03,27.52,0,1,market_4,16.9
2022-01-29,type_1,2488.41,26.19,0,1,market_4,18.4
2022-01-29,type_2,1451.72,27.33,0,1,market_4,18.4
2022-01-31,type_1,1847.62,30.36,0,0,market_4,18.4
2022-01-31,type_2,1550.55,29.45,0,0,market_4,18.4
2022-02-01,type_1,1727.54,28.0,0,0,market_4,20.6
2022-02-01,type_2,1036.49,32.74,0,0,market_4,20.6
2022-02-02,type_1,1850.63,25.22,0,0,market_4,21.3
2022-02-02,type_2,1542.85,27.42,0,0,market_4,21.3
2022-02-03,type_1,1876.27,27.42,0,0,market_4,21.1
2022-02-03,type_2,1402.58,29.69,0,0,market_4,21.1
2022-02-04,type_1,2231.37,28.38,0,1,market_4,20.2
2022-02-04,type_2,1334.55,30.97,0,1,market_4,20.2
2022-02-05,type_1,3015.81,28.67,0,1,market_4,19.8
2022-02-05,type_2,1439.23,28.81,0,1,market_4,19.8
2022-02-07,type_1,2447.0,25.17,0,0,market_4,19.3
2022-02-07,type_2,1176.89,30.14,0,0,market_4,19.3
2022-02-08,type_1,1971.41,29.09,0,0,market_4,20.8
2022-02-08,type_2,1194.8,29.24,0,0,market_4,20.8
2022-02-09,type_1,2038.82,26.92,1,0,market_4,21.3
2022-02-09,type_2,1261.69,27.67,0,0,market_4,21.3
2022-02-10,type_1,2070.03,24.51,1,0,market_4,22.0
2022-02-10,type_2,1206.49,29.72,0,0,market_4,22.0
2022-02-11,type_1,2049.9,28.67,1,1,market_4,19.3
2022-02-11,type_2,1373.55,27.06,0,1,market_4,19.3
2022-02-12,type_1,2804.94,30.0,0,1,market_4,18.7
2022-02-12,type_2,1440.03,33.8,0,1,market_4,18.7
2022-02-14,type_1,1997.01,29.2,0,0,market_4,17.7
2022-02-14,type_2,1234.81,27.66,0,0,market_4,17.7
2022-02-15,type_1,2128.06,28.71,1,0,market_4,17.8
2022-02-15,type_2,1070.13,28.37,0,0,market_4,17.8
2022-02-16,type_1,1850.13,42.56,0,0,market_4,17.9
2022-02-16,type_2,1278.53,28.4,0,0,market_4,17.9
2022-02-17,type_1,1982.66,28.26,1,0,market_4,18.8
2022-02-17,type_2,1083.13,29.2,0,0,market_4,18.8
2022-02-18,type_1,2266.99,43.86,1,1,market_4,17.8
2022-02-18,type_2,1012.11,29.15,0,1,market_4,17.8
2022-02-19,type_1,3074.76,31.05,0,1,market_4,17.6
2022-02-19,type_2,1425.15,33.88,0,1,market_4,17.6
2022-02-21,type_1,1818.66,27.27,1,0,market_4,16.2
2022-02-21,type_2,1137.74,26.59,0,0,market_4,16.2
2022-02-22,type_1,2201.96,31.79,1,0,market_4,19.9
2022-02-22,type_2,1102.32,29.73,1,0,market_4,19.9
2022-02-23,type_1,2235.56,30.28,1,0,market_4,19.2
2022-02-23,type_2,1161.44,30.11,0,0,market_4,19.2
2022-02-24,type_1,2010.32,24.26,0,0,market_4,19.3
2022-02-24,type_2,1213.32,32.55,0,0,market_4,19.3
2022-02-25,type_1,2122.31,30.0,0,1,market_4,18.3
2022-02-25,type_2,1184.4,27.55,0,1,market_4,18.3
2022-02-26,type_1,3325.2,26.92,1,1,market_4,18.3
2022-02-26,type_2,1437.16,25.05,0,1,market_4,18.3
2022-02-28,type_1,3114.66,30.65,1,0,market_4,18.6
2022-02-28,type_2,1496.87,28.48,1,0,market_4,18.6
2022-03-02,type_1,2673.33,36.0,1,0,market_4,18.2
2022-03-02,type_2,1972.33,28.87,0,0,market_4,18.2
2022-03-03,type_1,2213.4,29.26,1,0,market_4,18.6
2022-03-03,type_2,1354.22,30.53,0,0,market_4,18.6
2022-03-04,type_1,2922.59,28.52,1,1,market_4,18.1
2022-03-04,type_2,1380.35,30.78,0,1,market_4,18.1
2022-03-05,type_1,3199.24,22.0,1,1,market_4,17.9
2022-03-05,type_2,1652.73,29.61,1,1,market_4,17.9
2022-03-07,type_1,2246.5,27.86,1,0,market_4,17.0
2022-03-07,type_2,1519.25,29.85,0,0,market_4,17.0
2022-03-08,type_1,1950.92,27.04,1,0,market_4,17.8
2022-03-08,type_2,1274.15,29.3,0,0,market_4,17.8
2022-03-09,type_1,1826.56,29.33,0,0,market_4,18.0
2022-03-09,type_2,1203.04,29.46,0,0,market_4,18.0
2022-03-10,type_1,2251.13,27.89,0,0,market_4,17.3
2022-03-10,type_2,1470.22,29.43,0,0,market_4,17.3
2022-03-11,type_1,2036.9,30.0,0,1,market_4,16.8
2022-03-11,type_2,1282.38,28.84,0,1,market_4,16.8
2022-03-12,type_1,3176.36,25.2,0,1,market_4,18.8
2022-03-12,type_2,1702.58,26.58,0,1,market_4,18.8
2022-03-14,type_1,2209.83,29.13,0,0,market_4,15.7
2022-03-14,type_2,1401.38,28.55,0,0,market_4,15.7
2022-03-15,type_1,2040.51,31.0,0,0,market_4,16.6
2022-03-15,type_2,1242.23,30.21,0,0,market_4,16.6
2022-03-16,type_1,1849.93,30.3,0,0,market_4,17.9
2022-03-16,type_2,1423.06,26.53,0,0,market_4,17.9
2022-03-17,type_1,2236.51,30.67,0,0,market_4,18.1
2022-03-17,type_2,1215.55,27.69,0,0,market_4,18.1
2022-03-18,type_1,2139.42,27.5,0,1,market_4,18.7
2022-03-18,type_2,1270.12,30.1,0,1,market_4,18.7
2022-03-19,type_1,2714.21,28.75,1,1,market_4,18.2
2022-03-19,type_2,926.29,27.35,0,1,market_4,18.2
2022-03-21,type_1,2038.69,29.05,1,0,market_4,17.7
2022-03-21,type_2,1185.54,30.24,0,0,market_4,17.7
2022-03-22,type_1,2276.6,28.13,0,0,market_4,17.8
2022-03-22,type_2,1354.8,27.53,0,0,market_4,17.8
2022-03-23,type_1,2144.74,26.92,1,0,market_4,17.4
2022-03-23,type_2,1063.53,29.5,0,0,market_4,17.4
2022-03-24,type_1,2206.93,28.4,1,0,market_4,17.7
2022-03-24,type_2,1315.36,28.7,0,0,market_4,17.7
2022-03-25,type_1,1999.56,32.5,0,1,market_4,18.1
2022-03-25,type_2,1207.88,28.46,1,1,market_4,18.1
2022-03-26,type_1,2583.16,32.37,0,1,market_4,16.9
2022-03-26,type_2,1232.47,30.0,0,1,market_4,16.9
2022-03-28,type_1,2562.19,30.0,1,0,market_4,18.6
2022-03-28,type_2,1343.05,29.9,0,0,market_4,18.6
2022-03-29,type_1,2214.58,30.0,0,0,market_4,19.2
2022-03-29,type_2,1329.71,26.83,0,0,market_4,19.2
2022-03-30,type_1,2165.05,27.24,1,0,market_4,19.0
2022-03-30,type_2,1315.59,28.76,0,0,market_4,19.0
2022-03-31,type_1,2334.92,26.36,1,0,market_4,19.1
2022-03-31,type_2,1216.78,29.18,0,0,market_4,19.1
2022-04-01,type_1,2571.26,27.3,1,1,market_4,18.9
2022-04-01,type_2,1319.0,27.01,0,1,market_4,18.9
2022-04-02,type_1,3590.32,30.0,0,1,market_4,17.7
2022-04-02,type_2,1379.9,26.1,0,1,market_4,17.7
2022-04-04,type_1,2843.16,30.0,1,0,market_4,17.8
2022-04-04,type_2,1570.69,27.58,0,0,market_4,17.8
2022-04-05,type_1,2149.33,28.24,0,0,market_4,17.4
2022-04-05,type_2,1272.31,30.85,0,0,market_4,17.4
2022-04-06,type_1,2040.54,31.47,0,0,market_4,17.3
2022-04-06,type_2,1265.03,28.77,0,0,market_4,17.3
2022-04-07,type_1,1912.72,33.88,1,0,market_4,18.2
2022-04-07,type_2,1320.5,30.0,0,0,market_4,18.2
2022-04-08,type_1,2454.53,29.0,1,1,market_4,18.8
2022-04-08,type_2,1234.65,27.5,0,1,market_4,18.8
2022-04-09,type_1,3270.74,29.06,0,1,market_4,18.3
2022-04-09,type_2,1196.23,27.63,1,1,market_4,18.3
2022-04-11,type_1,2711.37,30.0,0,0,market_4,19.9
2022-04-11,type_2,1561.81,27.44,0,0,market_4,19.9
2022-04-12,type_1,2728.87,28.06,0,0,market_4,19.7
2022-04-12,type_2,2057.55,25.32,0,0,market_4,19.7
2022-04-13,type_1,2632.83,29.05,0,0,market_4,19.2
2022-04-13,type_2,1552.47,30.0,0,0,market_4,19.2
2022-04-14,type_1,1697.41,30.0,1,0,market_4,19.3
2022-04-14,type_2,1298.01,28.8,0,0,market_4,19.3
2022-04-16,type_1,2262.62,38.0,0,1,market_4,21.1
2022-04-16,type_2,1354.88,28.46,0,1,market_4,21.1
2022-04-18,type_1,1859.08,30.0,0,0,market_4,22.7
2022-04-18,type_2,1391.45,26.57,0,0,market_4,22.7
2022-04-19,type_1,2021.63,33.85,0,0,market_4,19.1
2022-04-19,type_2,1341.42,28.62,0,0,market_4,19.1
2022-04-20,type_1,2096.44,35.94,0,0,market_4,18.7
2022-04-20,type_2,1117.57,30.6,0,0,market_4,18.7
2022-04-21,type_1,2168.6,30.0,0,0,market_4,18.8
2022-04-21,type_2,1130.23,27.63,0,0,market_4,18.8
2022-04-22,type_1,2367.82,30.0,0,1,market_4,18.6
2022-04-22,type_2,1208.49,26.53,0,1,market_4,18.6
2022-04-23,type_1,3409.09,31.74,1,1,market_4,18.8
2022-04-23,type_2,1394.07,31.15,0,1,market_4,18.8
2022-04-25,type_1,2234.48,33.75,0,0,market_4,18.6
2022-04-25,type_2,1273.14,27.8,0,0,market_4,18.6
2022-04-26,type_1,2361.6,30.0,1,0,market_4,19.7
2022-04-26,type_2,1359.4,30.31,0,0,market_4,19.7
2022-04-27,type_1,1941.99,38.67,0,0,market_4,19.6
2022-04-27,type_2,997.08,28.59,0,0,market_4,19.6
2022-04-28,type_1,2213.2,29.29,0,0,market_4,19.6
2022-04-28,type_2,1186.59,29.11,0,0,market_4,19.6
2022-04-29,type_1,2249.62,28.42,1,1,market_4,19.5
2022-04-29,type_2,1087.32,26.46,0,1,market_4,19.5
2022-04-30,type_1,2992.37,31.43,0,1,market_4,20.5
2022-04-30,type_2,1319.42,25.9,0,1,market_4,20.5
2022-05-02,type_1,2504.46,26.67,0,0,market_4,20.2
2022-05-02,type_2,1110.64,27.07,0,0,market_4,20.2
2022-05-03,type_1,2327.21,35.26,0,0,market_4,19.9
2022-05-03,type_2,1227.15,36.25,0,0,market_4,19.9
2022-05-04,type_1,2333.68,28.79,0,0,market_4,19.3
2022-05-04,type_2,1326.64,29.33,0,0,market_4,19.3
2022-05-05,type_1,2171.17,37.03,0,0,market_4,20.3
2022-05-05,type_2,1164.09,28.91,0,0,market_4,20.3
2022-05-06,type_1,2443.32,41.29,1,1,market_4,20.9
2022-05-06,type_2,1429.5,29.35,1,1,market_4,20.9
2022-05-07,type_1,2978.82,30.0,0,1,market_4,22.7
2022-05-07,type_2,1243.17,31.32,0,1,market_4,22.7
2022-05-09,type_1,1911.34,27.84,1,0,market_4,22.6
2022-05-09,type_2,1098.55,27.18,0,0,market_4,22.6
2022-05-10,type_1,2033.97,31.0,0,0,market_4,21.6
2022-05-10,type_2,1261.14,27.55,0,0,market_4,21.6
2022-05-11,type_1,2128.9,28.79,0,0,market_4,21.2
2022-05-11,type_2,1096.13,28.72,0,0,market_4,21.2
2022-05-12,type_1,2084.56,33.93,0,0,market_4,21.4
2022-05-12,type_2,1053.56,29.71,0,0,market_4,21.4
2022-05-13,type_1,2227.66,28.24,0,1,market_4,20.7
2022-05-13,type_2,1106.35,29.23,0,1,market_4,20.7
2022-05-14,type_1,3156.56,28.33,0,1,market_4,20.6
2022-05-14,type_2,1095.34,26.85,0,1,market_4,20.6
2022-05-16,type_1,2212.33,38.72,0,0,market_4,20.9
2022-05-16,type_2,1123.86,27.04,0,0,market_4,20.9
2022-05-17,type_1,2010.19,29.67,0,0,market_4,21.9
2022-05-17,type_2,1299.56,29.56,0,0,market_4,21.9
2022-05-18,type_1,2161.57,40.93,0,0,market_4,22.1
2022-05-18,type_2,1360.72,35.36,0,0,market_4,22.1
2022-05-19,type_1,2203.33,42.39,0,0,market_4,22.0
2022-05-19,type_2,1034.5,27.11,0,0,market_4,22.0
2022-05-20,type_1,2294.87,27.3,0,1,market_4,21.9
2022-05-20,type_2,1090.08,32.59,0,1,market_4,21.9
2022-05-21,type_1,2666.42,29.23,0,1,market_4,21.7
2022-05-21,type_2,1140.8,29.08,0,1,market_4,21.7
2022-05-23,type_1,2376.33,27.89,1,0,market_4,21.5
2022-05-23,type_2,1246.28,27.69,0,0,market_4,21.5
2022-05-24,type_1,2295.4,27.95,1,0,market_4,21.6
2022-05-24,type_2,1343.38,31.13,0,0,market_4,21.6
2022-05-25,type_1,2298.09,36.88,1,0,market_4,20.9
2022-05-25,type_2,1348.3,25.7,0,0,market_4,20.9
2022-05-26,type_1,2101.21,35.0,1,0,market_4,20.9
2022-05-26,type_2,1283.43,27.1,0,0,market_4,20.9
2022-05-27,type_1,2444.71,38.48,0,1,market_4,20.5
2022-05-27,type_2,1313.07,29.39,0,1,market_4,20.5
2022-05-28,type_1,3070.88,30.0,0,1,market_4,21.2
2022-05-28,type_2,1170.0,26.91,0,1,market_4,21.2
2022-05-30,type_1,1286.09,26.92,0,0,market_4,21.1
2022-05-30,type_2,557.26,30.7,0,0,market_4,21.1
2022-05-31,type_1,1984.77,37.74,0,0,market_4,22.4
2022-05-31,type_2,1419.23,34.53,0,0,market_4,22.4
2022-06-01,type_1,2217.79,46.87,0,0,market_4,22.4
2022-06-01,type_2,1341.06,25.84,0,0,market_4,22.4
2022-06-02,type_1,2513.42,42.09,0,0,market_4,22.4
2022-06-02,type_2,1399.66,29.58,0,0,market_4,22.4
2022-06-03,type_1,2314.63,27.83,0,1,market_4,22.4
2022-06-03,type_2,1250.66,28.18,0,1,market_4,22.4
2022-06-04,type_1,3448.15,35.15,0,1,market_4,22.1
2022-06-04,type_2,1483.95,26.34,0,1,market_4,22.1
2022-06-06,type_1,2540.64,27.33,0,0,market_4,22.0
2022-06-06,type_2,1345.04,27.71,0,0,market_4,22.0
2022-06-07,type_1,2725.46,36.25,0,0,market_4,22.6
2022-06-07,type_2,1257.4,26.54,0,0,market_4,22.6
2022-06-08,type_1,2391.81,28.29,0,0,market_4,22.9
2022-06-08,type_2,1322.51,29.39,0,0,market_4,22.9
2022-06-09,type_1,2175.45,25.49,0,0,market_4,22.9
2022-06-09,type_2,1202.97,26.8,0,0,market_4,22.9
2022-06-10,type_1,2605.44,27.92,0,1,market_4,22.3
2022-06-10,type_2,1272.0,27.78,0,1,market_4,22.3
2022-06-11,type_1,3230.6,28.89,0,1,market_4,22.4
2022-06-11,type_2,2004.64,32.33,0,1,market_4,22.4
2022-06-13,type_1,2213.64,27.44,0,0,market_4,22.7
2022-06-13,type_2,1387.88,26.63,0,0,market_4,22.7
2022-06-14,type_1,2453.05,31.22,0,0,market_4,22.8
2022-06-14,type_2,1126.22,27.53,0,0,market_4,22.8
2022-06-15,type_1,2016.98,28.71,0,0,market_4,23.0
2022-06-15,type_2,1253.7,27.88,0,0,market_4,23.0
2022-06-16,type_1,2311.38,29.69,0,0,market_4,22.8
2022-06-16,type_2,1188.65,24.65,0,0,market_4,22.8
2022-06-17,type_1,2176.7,29.21,0,1,market_4,23.2
2022-06-17,type_2,1013.52,28.94,0,1,market_4,23.2
2022-06-18,type_1,3184.7,28.19,0,1,market_4,22.8
2022-06-18,type_2,1236.97,27.88,0,1,market_4,22.8
2022-06-20,type_1,2151.08,28.18,0,0,market_4,22.9
2022-06-20,type_2,1058.41,27.94,0,0,market_4,22.9
2022-06-21,type_1,2487.56,33.64,0,0,market_4,22.6
2022-06-21,type_2,1150.49,28.33,0,0,market_4,22.6
2022-06-22,type_1,2052.33,31.95,0,0,market_4,21.8
2022-06-22,type_2,1293.9,26.63,1,0,market_4,21.8
2022-06-23,type_1,1724.12,29.23,0,0,market_4,22.2
2022-06-23,type_2,825.78,30.87,0,0,market_4,22.2
2022-06-24,type_1,2664.7,27.89,1,1,market_4,22.6
2022-06-24,type_2,1177.61,31.92,0,1,market_4,22.6
2022-06-25,type_1,3492.68,26.84,0,1,market_4,22.6
2022-06-25,type_2,1346.21,26.51,0,1,market_4,22.6
2022-06-27,type_1,3154.94,28.67,0,0,market_4,22.3
2022-06-27,type_2,1399.05,30.31,0,0,market_4,22.3
2022-06-28,type_1,2876.54,38.75,0,0,market_4,22.2
2022-06-28,type_2,1251.31,28.24,0,0,market_4,22.2
2022-06-29,type_1,3374.24,29.09,0,0,market_4,22.4
2022-06-29,type_2,1377.37,27.5,0,0,market_4,22.4
2022-06-30,type_1,2821.78,27.5,0,0,market_4,22.7
2022-06-30,type_2,1408.7,28.32,0,0,market_4,22.7
2022-07-01,type_1,3119.3,25.56,0,1,market_4,22.3
2022-07-01,type_2,1250.51,28.38,0,1,market_4,22.3
2022-07-02,type_1,3367.17,32.76,0,1,market_4,22.9
2022-07-02,type_2,1346.6,27.0,0,1,market_4,22.9
2022-07-04,type_1,3019.02,30.0,0,0,market_4,22.9
2022-07-04,type_2,1443.11,32.13,0,0,market_4,22.9
2022-07-05,type_1,2952.76,37.57,1,0,market_4,23.0
2022-07-05,type_2,1246.68,28.07,0,0,market_4,23.0
2022-07-06,type_1,3011.82,35.95,0,0,market_4,22.9
2022-07-06,type_2,1203.26,27.74,0,0,market_4,22.9
2022-07-07,type_1,2597.4,33.1,0,0,market_4,22.5
2022-07-07,type_2,1483.78,26.46,0,0,market_4,22.5
2022-07-08,type_1,2395.93,28.95,0,1,market_4,24.1
2022-07-08,type_2,1256.7,25.89,0,1,market_4,24.1
2022-07-09,type_1,3034.07,36.36,0,1,market_4,27.9
2022-07-09,type_2,1236.12,26.82,0,1,market_4,27.9
2022-07-11,type_1,2640.78,30.0,0,0,market_4,26.8
2022-07-11,type_2,1570.25,28.13,0,0,market_4,26.8
2022-07-12,type_1,2758.73,29.43,0,0,market_4,23.7
2022-07-12,type_2,1252.94,25.48,0,0,market_4,23.7
2022-07-13,type_1,2202.41,36.67,0,0,market_4,23.3
2022-07-13,type_2,1174.82,27.32,0,0,market_4,23.3
2022-07-14,type_1,3064.82,46.88,0,0,market_4,23.8
2022-07-14,type_2,1318.56,27.68,0,0,market_4,23.8
2022-07-15,type_1,2449.37,29.39,0,1,market_4,23.7
2022-07-15,type_2,1279.98,27.97,0,1,market_4,23.7
2022-07-16,type_1,2781.2,38.7,0,1,market_4,23.6
2022-07-16,type_2,1754.07,25.26,0,1,market_4,23.6
2022-07-18,type_1,2879.01,30.0,1,0,market_4,23.9
2022-07-18,type_2,1398.56,28.24,0,0,market_4,23.9
2022-07-19,type_1,2580.88,27.5,0,0,market_4,24.5
2022-07-19,type_2,1322.74,28.04,0,0,market_4,24.5
2022-07-20,type_1,2899.18,50.26,0,0,market_4,25.8
2022-07-20,type_2,1369.73,27.89,0,0,market_4,25.8
2022-07-21,type_1,2534.2,29.38,1,0,market_4,25.3
2022-07-21,type_2,1156.0,28.59,0,0,market_4,25.3
2022-07-22,type_1,2453.53,29.29,1,1,market_4,25.1
2022-07-22,type_2,1432.33,28.12,1,1,market_4,25.1
2022-07-23,type_1,3448.63,38.89,1,1,market_4,25.7
2022-07-23,type_2,1764.99,25.23,1,1,market_4,25.7
2022-07-25,type_1,3054.25,28.46,0,0,market_4,27.1
2022-07-25,type_2,1324.73,27.3,0,0,market_4,27.1
2022-07-26,type_1,2910.73,28.62,0,0,market_4,31.6
2022-07-26,type_2,1189.92,28.38,0,0,market_4,31.6
2022-07-27,type_1,2336.72,30.0,0,0,market_4,25.7
2022-07-27,type_2,1146.49,26.04,0,0,market_4,25.7
2022-07-28,type_1,2821.09,39.63,0,0,market_4,24.4
2022-07-28,type_2,1293.06,26.31,1,0,market_4,24.4
2022-07-29,type_1,3412.56,30.0,0,1,market_4,24.6
2022-07-29,type_2,1364.87,27.29,0,1,market_4,24.6
2022-07-30,type_1,3410.99,30.0,0,1,market_4,24.4
2022-07-30,type_2,1324.71,27.81,0,1,market_4,24.4
2022-08-01,type_1,3224.81,32.22,0,0,market_4,24.8
2022-08-01,type_2,1643.64,27.5,1,0,market_4,24.8
2022-08-02,type_1,3027.02,34.0,0,0,market_4,25.1
2022-08-02,type_2,1555.4,27.76,0,0,market_4,25.1
2022-08-03,type_1,2820.71,32.05,0,0,market_4,24.8
2022-08-03,type_2,1750.97,28.26,0,0,market_4,24.8
2022-08-04,type_1,2766.42,29.13,0,0,market_4,24.5
2022-08-04,type_2,1446.0,27.02,0,0,market_4,24.5
2022-08-05,type_1,2741.27,28.46,1,1,market_4,24.5
2022-08-05,type_2,1555.65,27.09,1,1,market_4,24.5
2022-08-06,type_1,3213.64,30.0,0,1,market_4,24.6
2022-08-06,type_2,1243.79,31.31,0,1,market_4,24.6
2022-08-08,type_1,3638.65,32.11,0,0,market_4,23.8
2022-08-08,type_2,1631.66,30.31,1,0,market_4,23.8
2022-08-09,type_1,2808.97,29.09,0,0,market_4,24.3
2022-08-09,type_2,1515.03,28.52,0,0,market_4,24.3
2022-08-10,type_1,2607.84,28.43,1,0,market_4,23.6
2022-08-10,type_2,1347.55,27.88,1,0,market_4,23.6
2022-08-11,type_1,2619.82,31.27,0,0,market_4,24.4
2022-08-11,type_2,1451.29,26.7,0,0,market_4,24.4
2022-08-12,type_1,2786.1,25.71,0,1,market_4,24.0
2022-08-12,type_2,1255.57,28.39,0,1,market_4,24.0
2022-08-13,type_1,3210.76,27.6,0,1,market_4,24.3
2022-08-13,type_2,2003.54,27.7,0,1,market_4,24.3
2022-08-15,type_1,1823.32,28.33,0,0,market_4,24.4
2022-08-15,type_2,970.03,29.18,0,0,market_4,24.4
2022-08-16,type_1,2968.9,30.0,0,0,market_4,24.7
2022-08-16,type_2,1423.58,26.88,0,0,market_4,24.7
2022-08-17,type_1,2746.36,29.0,0,0,market_4,24.5
2022-08-17,type_2,1338.72,27.83,0,0,market_4,24.5
2022-08-18,type_1,3062.74,28.89,1,0,market_4,24.0
2022-08-18,type_2,1362.65,27.22,0,0,market_4,24.0
2022-08-19,type_1,2355.38,28.06,0,1,market_4,24.2
2022-08-19,type_2,1294.61,28.46,1,1,market_4,24.2
2022-08-20,type_1,2811.28,30.0,0,1,market_4,26.3
2022-08-20,type_2,988.27,26.27,0,1,market_4,26.3
2022-08-22,type_1,2930.35,27.78,0,0,market_4,26.0
2022-08-22,type_2,1601.05,26.77,0,0,market_4,26.0
2022-08-23,type_1,2593.49,33.95,0,0,market_4,24.7
2022-08-23,type_2,1374.75,29.31,0,0,market_4,24.7
2022-08-24,type_1,2841.39,40.61,0,0,market_4,24.5
2022-08-24,type_2,1355.11,29.21,0,0,market_4,24.5
2022-08-26,type_1,3610.59,28.71,0,1,market_4,23.9
2022-08-26,type_2,1417.92,27.11,0,1,market_4,23.9
2022-08-27,type_1,3076.22,28.38,0,1,market_4,24.6
2022-08-27,type_2,1368.28,26.05,0,1,market_4,24.6
2022-08-29,type_1,3589.55,26.1,0,0,market_4,23.6
2022-08-29,type_2,1611.54,29.66,0,0,market_4,23.6
2022-08-30,type_1,3417.59,30.0,1,0,market_4,25.1
2022-08-30,type_2,1449.32,26.78,0,0,market_4,25.1
2022-08-31,type_1,3220.03,30.27,0,0,market_4,26.3
2022-08-31,type_2,1364.56,28.68,0,0,market_4,26.3
2022-09-01,type_1,3050.96,27.5,0,0,market_4,26.4
2022-09-01,type_2,1291.17,27.45,0,0,market_4,26.4
2022-09-02,type_1,3573.7,29.09,0,1,market_4,25.9
2022-09-02,type_2,1266.5,28.62,0,1,market_4,25.9
2022-09-03,type_1,3710.2,45.75,0,1,market_4,24.4
2022-09-03,type_2,1518.64,28.55,0,1,market_4,24.4
2022-09-05,type_1,3519.43,27.3,0,0,market_4,24.8
2022-09-05,type_2,1654.78,30.0,0,0,market_4,24.8
2022-09-06,type_1,3639.84,27.95,0,0,market_4,24.6
2022-09-06,type_2,1701.81,32.09,0,0,market_4,24.6
2022-09-07,type_1,2959.2,28.26,0,0,market_4,24.4
2022-09-07,type_2,1470.51,27.3,0,0,market_4,24.4
2022-09-08,type_1,3369.96,29.23,1,0,market_4,24.4
2022-09-08,type_2,1652.95,25.96,0,0,market_4,24.4
2022-09-09,type_1,3023.04,27.14,0,1,market_4,24.7
2022-09-09,type_2,1302.37,26.45,0,1,market_4,24.7
2022-09-10,type_1,3247.25,30.45,0,1,market_4,24.6
2022-09-10,type_2,1286.82,25.76,0,1,market_4,24.6
2022-09-12,type_1,2715.3,30.83,1,0,market_4,25.3
2022-09-12,type_2,1331.72,34.12,0,0,market_4,25.3
2022-09-13,type_1,2481.66,28.46,0,0,market_4,24.1
2022-09-13,type_2,1388.24,27.29,1,0,market_4,24.1
2022-09-14,type_1,2580.15,26.82,1,0,market_4,24.3
2022-09-14,type_2,1186.92,26.81,0,0,market_4,24.3
2022-09-16,type_1,3265.16,25.0,1,1,market_4,24.8
2022-09-16,type_2,1782.14,31.62,0,1,market_4,24.8
2022-09-17,type_1,4077.39,30.0,0,1,market_4,24.9
2022-09-17,type_2,1636.43,27.06,0,1,market_4,24.9
2022-09-19,type_1,2487.76,29.43,0,0,market_4,23.9
2022-09-19,type_2,1472.97,28.14,0,0,market_4,23.9
2022-09-20,type_1,2348.6,26.5,0,0,market_4,23.6
2022-09-20,type_2,1269.26,27.14,0,0,market_4,23.6
2022-09-21,type_1,2350.78,24.29,0,0,market_4,23.4
2022-09-21,type_2,1224.45,27.55,0,0,market_4,23.4
2022-09-22,type_1,2425.53,36.23,0,0,market_4,24.4
2022-09-22,type_2,1335.21,26.5,0,0,market_4,24.4
2022-09-23,type_1,2529.51,29.17,0,1,market_4,25.0
2022-09-23,type_2,1119.89,28.1,0,1,market_4,25.0
2022-09-24,type_1,3722.63,27.78,0,1,market_4,23.3
2022-09-24,type_2,1508.2,27.72,0,1,market_4,23.3
2022-09-26,type_1,3265.71,31.21,0,0,market_4,22.2
2022-09-26,type_2,1451.2,28.21,0,0,market_4,22.2
2022-09-27,type_1,2657.02,27.58,0,0,market_4,22.5
2022-09-27,type_2,1439.95,28.1,0,0,market_4,22.5
2022-09-28,type_1,2431.27,34.76,0,0,market_4,23.0
2022-09-28,type_2,1256.2,31.63,0,0,market_4,23.0
2022-09-29,type_1,2495.82,30.0,0,0,market_4,23.6
2022-09-29,type_2,1249.53,28.02,0,0,market_4,23.6
2022-09-30,type_1,2661.6,25.29,0,1,market_4,23.5
2022-09-30,type_2,1338.12,25.35,0,1,market_4,23.5
2022-10-01,type_1,3942.26,28.06,0,1,market_4,23.4
2022-10-01,type_2,1563.78,24.86,0,1,market_4,23.4
2022-10-03,type_1,2826.35,28.5,0,0,market_4,24.8
2022-10-03,type_2,1555.7,26.81,0,0,market_4,24.8
2022-10-04,type_1,2576.32,28.46,0,0,market_4,26.1
2022-10-04,type_2,1415.49,26.1,0,0,market_4,26.1
2022-10-05,type_1,2757.78,28.13,0,0,market_4,24.2
2022-10-05,type_2,1403.18,26.42,0,0,market_4,24.2
2022-10-06,type_1,2706.53,29.39,0,0,market_4,23.7
2022-10-06,type_2,1492.25,24.8,0,0,market_4,23.7
2022-10-07,type_1,3407.49,27.14,0,1,market_4,24.1
2022-10-07,type_2,1396.53,24.64,0,1,market_4,24.1
2022-10-08,type_1,3750.85,30.0,0,1,market_4,24.3
2022-10-08,type_2,1566.25,22.56,0,1,market_4,24.3
2022-10-10,type_1,2602.0,26.67,0,0,market_4,23.1
2022-10-10,type_2,1432.01,33.43,0,0,market_4,23.1
2022-10-11,type_1,2767.6,30.0,0,0,market_4,23.0
2022-10-11,type_2,2408.62,26.07,0,0,market_4,23.0
2022-10-12,type_1,517.78,30.0,0,0,market_4,22.9
2022-10-12,type_2,1436.23,28.74,0,0,market_4,22.9
2022-10-13,type_2,2259.88,30.4,0,0,market_4,23.9
2022-10-14,type_2,2581.86,38.36,0,1,market_4,24.2
2022-10-15,type_1,3684.86,51.3,0,1,market_4,23.1
2022-10-15,type_2,1796.94,27.91,0,1,market_4,23.1
2022-10-17,type_1,2092.06,30.0,0,0,market_4,22.7
2022-10-17,type_2,1441.52,27.77,0,0,market_4,22.7
2022-10-18,type_1,2537.53,26.67,0,0,market_4,23.6
2022-10-18,type_2,1330.67,26.91,0,0,market_4,23.6
2022-10-19,type_1,1969.21,28.26,0,0,market_4,22.9
2022-10-19,type_2,1524.83,26.97,0,0,market_4,22.9
2022-10-20,type_1,2463.22,29.2,0,0,market_4,22.6
2022-10-20,type_2,1363.33,25.73,0,0,market_4,22.6
2022-10-21,type_1,2183.09,28.4,0,1,market_4,22.8
2022-10-21,type_2,1592.76,28.14,0,1,market_4,22.8
2022-10-22,type_1,3280.74,28.95,0,1,market_4,23.3
2022-10-22,type_2,1480.1,25.76,0,1,market_4,23.3
2022-10-24,type_1,2735.67,30.0,0,0,market_4,22.1
2022-10-24,type_2,1561.41,32.59,0,0,market_4,22.1
2022-10-25,type_1,2453.05,29.62,0,0,market_4,22.8
2022-10-25,type_2,1492.41,28.8,0,0,market_4,22.8
2022-10-26,type_1,1973.36,28.57,0,0,market_4,22.7
2022-10-26,type_2,1331.86,27.33,0,0,market_4,22.7
2022-10-27,type_1,2742.86,31.76,0,0,market_4,22.7
2022-10-27,type_2,1448.92,26.43,0,0,market_4,22.7
2022-10-28,type_1,2436.7,23.79,0,1,market_4,23.9
2022-10-28,type_2,1574.23,28.6,0,1,market_4,23.9
2022-10-29,type_1,3580.44,31.46,0,1,market_4,24.7
2022-10-29,type_2,1919.24,27.47,0,1,market_4,24.7
2022-10-31,type_1,3092.94,30.0,0,0,market_4,23.1
2022-10-31,type_2,1576.13,27.8,0,0,market_4,23.1
2022-11-01,type_1,1525.62,29.2,0,0,market_4,22.6
2022-11-01,type_2,754.17,28.82,0,0,market_4,22.6
2022-11-02,type_1,2567.38,30.0,0,0,market_4,22.3
2022-11-02,type_2,1450.02,27.33,0,0,market_4,22.3
2022-11-03,type_1,2529.75,28.42,0,0,market_4,21.7
2022-11-03,type_2,1519.55,28.23,0,0,market_4,21.7
2022-11-04,type_1,3126.04,29.05,0,1,market_4,22.1
2022-11-04,type_2,1506.26,27.41,0,1,market_4,22.1
2022-11-05,type_1,3837.89,30.0,0,1,market_4,21.9
2022-11-05,type_2,1997.11,29.04,0,1,market_4,21.9
2022-11-07,type_1,2469.5,30.0,0,0,market_4,21.4
2022-11-07,type_2,1514.76,28.13,0,0,market_4,21.4
2022-11-08,type_1,2601.75,42.17,0,0,market_4,20.8
2022-11-08,type_2,1424.93,30.8,0,0,market_4,20.8
2022-11-09,type_1,2645.73,30.0,0,0,market_4,21.1
2022-11-09,type_2,1283.27,27.17,0,0,market_4,21.1
2022-11-10,type_1,2844.56,26.92,0,0,market_4,21.4
2022-11-10,type_2,1313.0,32.56,0,0,market_4,21.4
2022-11-11,type_1,2832.21,30.0,0,1,market_4,21.1
2022-11-11,type_2,1287.14,30.28,0,1,market_4,21.1
2022-11-12,type_1,3433.94,33.16,0,1,market_4,21.6
2022-11-12,type_2,1475.95,30.57,0,1,market_4,21.6
2022-11-14,type_1,2523.45,27.04,0,0,market_4,23.8
2022-11-14,type_2,2161.3,23.87,0,0,market_4,23.8
2022-11-15,type_1,2347.28,27.57,0,0,market_4,23.7
2022-11-15,type_2,1526.76,25.44,0,0,market_4,23.7
2022-11-16,type_1,2240.55,30.0,0,0,market_4,22.8
2022-11-16,type_2,1473.68,26.44,0,0,market_4,22.8
2022-11-17,type_1,2377.3,29.0,0,0,market_4,20.4
2022-11-17,type_2,1341.03,28.18,0,0,market_4,20.4
2022-11-18,type_1,2737.82,29.09,0,1,market_4,22.2
2022-11-18,type_2,1265.17,28.02,0,1,market_4,22.2
2022-11-19,type_1,3813.66,39.0,0,1,market_4,21.6
2022-11-19,type_2,2649.86,26.93,0,1,market_4,21.6
2022-11-21,type_1,2786.92,28.75,0,0,market_4,20.9
2022-11-21,type_2,1699.25,27.95,0,0,market_4,20.9
2022-11-22,type_1,2460.95,28.33,0,0,market_4,21.8
2022-11-22,type_2,1658.97,30.28,0,0,market_4,21.8
2022-11-23,type_1,2427.81,42.39,1,0,market_4,21.9
2022-11-23,type_2,1651.01,29.42,1,0,market_4,21.9
2022-11-24,type_1,2700.24,30.0,0,0,market_4,20.9
2022-11-24,type_2,1726.19,27.52,0,0,market_4,20.9
2022-11-25,type_1,3132.27,38.25,0,1,market_4,20.8
2022-11-25,type_2,1791.6,28.1,0,1,market_4,20.8
2022-11-26,type_1,3543.2,29.62,0,1,market_4,20.5
2022-11-26,type_2,1721.45,28.56,0,1,market_4,20.5
2022-11-27,type_1,2216.89,28.46,0,1,market_4,21.8
2022-11-27,type_2,813.58,27.64,0,1,market_4,21.8
2022-11-28,type_1,2705.94,33.68,1,0,market_4,21.2
2022-11-28,type_2,1856.5,28.68,0,0,market_4,21.2
2022-11-29,type_1,2781.02,29.27,1,0,market_4,20.6
2022-11-29,type_2,1574.65,29.02,0,0,market_4,20.6
2022-11-30,type_1,2654.15,26.29,0,0,market_4,19.2
2022-11-30,type_2,1537.73,29.11,0,0,market_4,19.2
2022-12-01,type_1,2347.26,29.43,1,0,market_4,19.9
2022-12-01,type_2,2273.74,28.5,0,0,market_4,19.9
2022-12-02,type_1,3198.77,27.71,1,1,market_4,20.1
2022-12-02,type_2,1618.07,28.9,0,1,market_4,20.1
2022-12-03,type_1,4151.45,30.0,1,1,market_4,18.6
2022-12-03,type_2,1936.69,30.54,0,1,market_4,18.6
2022-12-05,type_1,3568.95,30.0,1,0,market_4,21.3
2022-12-05,type_2,2309.47,28.82,1,0,market_4,21.3
2022-12-06,type_1,2712.35,29.44,0,0,market_4,19.4
2022-12-06,type_2,1400.78,24.83,0,0,market_4,19.4
2022-12-07,type_1,3874.94,30.0,1,0,market_4,20.1
2022-12-07,type_2,2460.49,28.22,0,0,market_4,20.1
2022-12-09,type_1,3011.25,28.1,1,1,market_4,21.0
2022-12-09,type_2,1902.44,28.25,0,1,market_4,21.0
2022-12-10,type_1,3550.49,29.13,1,1,market_4,20.4
2022-12-10,type_2,1580.16,28.03,0,1,market_4,20.4
2022-12-11,type_1,2050.72,28.33,1,1,market_4,21.2
2022-12-11,type_2,825.37,29.4,0,1,market_4,21.2
2022-12-12,type_1,2360.32,26.36,0,0,market_4,20.4
2022-12-12,type_2,1737.95,28.7,0,0,market_4,20.4
2022-12-13,type_1,2487.64,28.0,1,0,market_4,20.8
2022-12-13,type_2,1508.17,27.2,1,0,market_4,20.8
2022-12-14,type_1,2350.06,29.57,1,0,market_4,21.8
2022-12-14,type_2,1494.72,30.0,0,0,market_4,21.8
2022-12-15,type_1,2582.44,37.81,1,0,market_4,20.1
2022-12-15,type_2,1762.19,34.88,1,0,market_4,20.1
2022-12-16,type_1,2361.46,29.52,1,1,market_4,19.2
2022-12-16,type_2,1517.86,28.64,0,1,market_4,19.2
2022-12-17,type_1,3472.89,32.8,1,1,market_4,18.8
2022-12-17,type_2,1582.45,28.44,1,1,market_4,18.8
2022-12-18,type_1,2272.74,37.06,1,1,market_4,19.1
2022-12-18,type_2,909.47,28.76,0,1,market_4,19.1
2022-12-19,type_1,2720.59,39.13,1,0,market_4,20.3
2022-12-19,type_2,1694.43,29.09,0,0,market_4,20.3
2022-12-20,type_1,2831.01,31.28,1,0,market_4,19.3
2022-12-20,type_2,1971.94,30.28,1,0,market_4,19.3
2022-12-21,type_1,2921.33,40.56,1,0,market_4,19.4
2022-12-21,type_2,1794.31,32.62,0,0,market_4,19.4
2022-12-22,type_1,2552.34,30.0,1,0,market_4,19.1
2022-12-22,type_2,1703.94,29.3,0,0,market_4,19.1
2022-12-23,type_1,3503.85,28.91,1,1,market_4,18.7
2022-12-23,type_2,1699.29,29.57,0,1,market_4,18.7
2022-12-24,type_1,1739.71,31.94,1,1,market_4,19.1
2022-12-24,type_2,815.72,27.0,0,1,market_4,19.1
2022-12-26,type_1,2546.17,53.33,0,0,market_4,20.3
2022-12-26,type_2,1011.54,30.42,0,0,market_4,20.3
2022-12-27,type_1,3199.31,33.57,1,0,market_4,21.9
2022-12-27,type_2,1616.02,34.29,0,0,market_4,21.9
2022-12-28,type_1,2857.96,32.19,0,0,market_4,20.9
2022-12-28,type_2,1459.76,28.79,0,0,market_4,20.9
2022-12-29,type_1,2855.55,29.72,0,0,market_4,20.4
2022-12-29,type_2,1501.07,33.03,0,0,market_4,20.4
2022-12-30,type_1,2803.3,29.61,0,1,market_4,20.3
2022-12-30,type_2,1465.55,29.71,0,1,market_4,20.3
2022-12-31,type_1,1587.26,33.33,1,1,market_4,20.0
2022-12-31,type_2,851.4,25.0,0,1,market_4,20.0
2023-01-02,type_1,3261.46,32.59,1,0,market_4,18.8
2023-01-02,type_2,1645.53,29.5,0,0,market_4,18.8
2023-01-03,type_1,3459.19,32.26,1,0,market_4,18.7
2023-01-03,type_2,1809.37,28.34,0,0,market_4,18.7
2023-01-04,type_1,2798.47,37.5,1,0,market_4,19.1
2023-01-04,type_2,1714.6,28.89,0,0,market_4,19.1
2023-01-05,type_1,2908.42,33.32,0,0,market_4,18.2
2023-01-05,type_2,1481.47,28.21,0,0,market_4,18.2
2023-01-07,type_1,4556.67,40.0,1,1,market_4,18.3
2023-01-07,type_2,1869.51,27.82,0,1,market_4,18.3
2023-01-09,type_1,3105.05,33.68,0,0,market_4,18.9
2023-01-09,type_2,1652.75,30.0,0,0,market_4,18.9
2023-01-10,type_1,2496.78,34.83,0,0,market_4,19.4
2023-01-10,type_2,1587.84,29.39,0,0,market_4,19.4
2023-01-11,type_1,2709.5,40.53,0,0,market_4,19.2
2023-01-11,type_2,2245.24,27.43,0,0,market_4,19.2
2023-01-12,type_1,3241.36,31.28,0,0,market_4,19.6
2023-01-12,type_2,1403.49,28.3,0,0,market_4,19.6
2023-01-13,type_1,3116.11,26.0,1,1,market_4,19.2
2023-01-13,type_2,1689.26,28.65,0,1,market_4,19.2
2023-01-14,type_1,4038.05,33.04,0,1,market_4,19.2
2023-01-14,type_2,1778.25,29.88,0,1,market_4,19.2
2023-01-16,type_1,3039.14,35.0,0,0,market_4,18.4
2023-01-16,type_2,1641.36,29.48,0,0,market_4,18.4
2023-01-17,type_1,2616.93,47.5,0,0,market_4,18.1
2023-01-17,type_2,1745.11,28.23,0,0,market_4,18.1
2023-01-18,type_1,3011.38,28.82,0,0,market_4,17.9
2023-01-18,type_2,1492.73,30.51,0,0,market_4,17.9
2023-01-19,type_1,2629.52,60.27,0,0,market_4,17.8
2023-01-19,type_2,1443.48,26.1,0,0,market_4,17.8
2023-01-20,type_1,2500.8,32.8,0,1,market_4,17.9
2023-01-20,type_2,1501.17,29.23,0,1,market_4,17.9
2023-01-21,type_1,4199.35,40.71,0,1,market_4,18.4
2023-01-21,type_2,1501.61,29.5,0,1,market_4,18.4
2023-01-23,type_1,2777.48,33.68,0,0,market_4,18.3
2023-01-23,type_2,1372.21,29.56,0,0,market_4,18.3
2023-01-24,type_1,2691.46,32.94,0,0,market_4,17.1
2023-01-24,type_2,1407.58,31.89,0,0,market_4,17.1
2023-01-25,type_1,2484.67,48.0,0,0,market_4,16.4
2023-01-25,type_2,1167.16,29.39,0,0,market_4,16.4
2023-01-26,type_1,2624.92,45.16,0,0,market_4,17.0
2023-01-26,type_2,1462.83,28.24,0,0,market_4,17.0
2023-01-27,type_1,2693.26,32.94,0,1,market_4,16.8
2023-01-27,type_2,1573.94,28.91,0,1,market_4,16.8
2023-01-28,type_1,4861.35,37.0,0,1,market_4,16.8
2023-01-28,type_2,2145.36,28.57,0,1,market_4,16.8
2023-01-30,type_1,2920.12,37.14,0,0,market_4,16.2
2023-01-30,type_2,1818.21,27.73,0,0,market_4,16.2
2023-01-31,type_1,2641.89,38.75,0,0,market_4,16.3
2023-01-31,type_2,1693.9,31.89,0,0,market_4,16.3
2023-02-01,type_1,2827.48,34.14,0,0,market_4,17.3
2023-02-01,type_2,1676.32,26.58,1,0,market_4,17.3
2023-02-02,type_1,3472.32,31.19,0,0,market_4,17.6
2023-02-02,type_2,1724.63,28.63,0,0,market_4,17.6
2023-02-03,type_1,3330.09,34.0,0,1,market_4,15.7
2023-02-03,type_2,1444.1,28.13,0,1,market_4,15.7
2023-02-04,type_1,3834.18,46.47,0,1,market_4,15.8
2023-02-04,type_2,1899.19,25.46,0,1,market_4,15.8
2023-02-06,type_1,3015.83,34.24,0,0,market_4,16.0
2023-02-06,type_2,2091.95,30.62,0,0,market_4,16.0
2023-02-07,type_1,3053.1,34.24,0,0,market_4,16.5
2023-02-07,type_2,1299.09,32.69,0,0,market_4,16.5
2023-02-08,type_1,2939.44,40.91,1,0,market_4,15.9
2023-02-08,type_2,1495.03,33.81,0,0,market_4,15.9
2023-02-09,type_1,2424.8,38.61,0,0,market_4,15.4
2023-02-09,type_2,1424.29,31.05,0,0,market_4,15.4
2023-02-10,type_1,3588.91,33.04,0,1,market_4,16.6
2023-02-10,type_2,2074.72,28.82,0,1,market_4,16.6
2023-02-11,type_1,4103.77,30.51,0,1,market_4,17.3
2023-02-11,type_2,2069.02,29.09,0,1,market_4,17.3
2023-02-13,type_1,2356.93,34.24,0,0,market_4,18.4
2023-02-13,type_2,1357.26,28.8,0,0,market_4,18.4
2023-02-14,type_1,2533.39,37.5,0,0,market_4,17.1
2023-02-14,type_2,1343.67,28.67,0,0,market_4,17.1
2023-02-15,type_1,2281.92,50.0,0,0,market_4,15.8
2023-02-15,type_2,1427.54,28.85,0,0,market_4,15.8
2023-02-16,type_1,2566.07,34.24,0,0,market_4,14.6
2023-02-16,type_2,1327.63,28.08,0,0,market_4,14.6
2023-02-17,type_1,2528.14,32.86,0,1,market_4,15.7
2023-02-17,type_2,1377.22,28.24,0,1,market_4,15.7
2023-02-18,type_1,3375.75,34.0,0,1,market_4,16.8
2023-02-18,type_2,1861.43,28.8,0,1,market_4,16.8
2023-02-20,type_1,2946.9,34.62,0,0,market_4,18.6
2023-02-20,type_2,1637.73,29.01,0,0,market_4,18.6
2023-02-22,type_1,3151.13,30.82,0,0,market_4,18.7
2023-02-22,type_2,1741.58,30.36,0,0,market_4,18.7
2023-02-23,type_1,2985.97,35.53,0,0,market_4,17.8
2023-02-23,type_2,1536.36,30.37,1,0,market_4,17.8
2023-02-24,type_1,3123.94,31.5,0,1,market_4,16.9
2023-02-24,type_2,1583.91,29.08,0,1,market_4,16.9
2023-02-25,type_1,3215.18,37.37,0,1,market_4,16.2
2023-02-25,type_2,1505.88,28.22,0,1,market_4,16.2
2023-02-27,type_1,2712.68,37.61,0,0,market_4,18.3
2023-02-27,type_2,1592.59,29.68,0,0,market_4,18.3
2023-02-28,type_1,2832.07,28.0,0,0,market_4,19.6
2023-02-28,type_2,1468.57,30.74,0,0,market_4,19.6
2023-03-01,type_1,2150.55,38.67,0,0,market_4,18.4
2023-03-01,type_2,1437.89,27.61,0,0,market_4,18.4
2023-03-02,type_1,2289.02,56.86,0,0,market_4,18.5
2023-03-02,type_2,1354.23,30.85,0,0,market_4,18.5
2023-03-03,type_1,2662.41,42.69,0,1,market_4,20.3
2023-03-03,type_2,1312.79,31.3,0,1,market_4,20.3
2023-03-04,type_1,3757.98,37.37,0,1,market_4,18.3
2023-03-04,type_2,1461.54,33.52,0,1,market_4,18.3
2023-03-06,type_1,3035.76,36.36,0,0,market_4,17.9
2023-03-06,type_2,1385.46,29.39,0,0,market_4,17.9
2023-03-07,type_1,2222.49,50.42,0,0,market_4,18.6
2023-03-07,type_2,1262.12,32.52,0,0,market_4,18.6
2023-03-08,type_1,2361.18,46.05,0,0,market_4,18.6
2023-03-08,type_2,1243.35,29.52,0,0,market_4,18.6
2023-03-09,type_1,2592.32,43.91,0,0,market_4,20.2
2023-03-09,type_2,1269.68,29.7,0,0,market_4,20.2
2023-03-10,type_1,2620.4,36.13,0,1,market_4,20.8
2023-03-10,type_2,1231.7,30.36,0,1,market_4,20.8
2023-03-11,type_1,3955.09,35.83,0,1,market_4,19.6
2023-03-11,type_2,1520.85,29.62,0,1,market_4,19.6
2023-03-13,type_1,2770.06,34.67,0,0,market_4,19.7
2023-03-13,type_2,1368.52,29.31,0,0,market_4,19.7
2023-03-14,type_1,2280.88,33.68,0,0,market_4,20.3
2023-03-14,type_2,1356.86,28.11,0,0,market_4,20.3
2023-03-15,type_1,2032.3,52.28,0,0,market_4,18.6
2023-03-15,type_2,1180.29,34.65,0,0,market_4,18.6
2023-03-16,type_1,2087.59,34.75,1,0,market_4,19.0
2023-03-16,type_2,1423.16,35.0,0,0,market_4,19.0
2023-03-17,type_1,2632.86,43.61,0,1,market_4,19.4
2023-03-17,type_2,1307.52,28.43,0,1,market_4,19.4
2023-03-18,type_1,3688.47,37.37,0,1,market_4,18.9
2023-03-18,type_2,1342.98,30.0,0,1,market_4,18.9
2023-03-20,type_1,2680.62,32.59,0,0,market_4,19.0
2023-03-20,type_2,2148.39,30.05,0,0,market_4,19.0
2023-03-21,type_1,2511.24,30.5,0,0,market_4,19.6
2023-03-21,type_2,1174.59,30.18,0,0,market_4,19.6
2023-03-22,type_1,2603.53,32.7,0,0,market_4,20.5
2023-03-22,type_2,1239.17,27.82,0,0,market_4,20.5
2023-03-23,type_1,2367.26,30.68,0,0,market_4,20.3
2023-03-23,type_2,1356.66,30.85,0,0,market_4,20.3
2023-03-24,type_1,2721.06,29.75,0,1,market_4,20.7
2023-03-24,type_2,1271.8,28.03,0,1,market_4,20.7
2023-03-25,type_1,3209.17,39.38,0,1,market_4,20.4
2023-03-25,type_2,1536.17,28.69,0,1,market_4,20.4
2023-03-27,type_1,2526.59,35.6,0,0,market_4,19.4
2023-03-27,type_2,1378.5,29.29,0,0,market_4,19.4
2023-03-28,type_1,2086.98,37.0,0,0,market_4,21.6
2023-03-28,type_2,1383.93,29.6,0,0,market_4,21.6
2023-03-29,type_1,2372.31,44.36,0,0,market_4,25.2
2023-03-29,type_2,1585.38,28.91,0,0,market_4,25.2
2023-03-30,type_1,2509.24,33.97,0,0,market_4,27.1
2023-03-30,type_2,1143.93,33.27,0,0,market_4,27.1
2023-03-31,type_1,2646.91,35.0,0,1,market_4,25.5
2023-03-31,type_2,1604.26,31.5,1,1,market_4,25.5
2023-04-01,type_1,3876.5,32.31,0,1,market_4,21.2
2023-04-01,type_2,1300.65,27.97,0,1,market_4,21.2
2023-04-03,type_1,3389.23,31.61,0,0,market_4,19.8
2023-04-03,type_2,1556.87,30.0,0,0,market_4,19.8
2023-04-04,type_1,3395.54,34.62,0,0,market_4,19.1
2023-04-04,type_2,1796.57,28.52,0,0,market_4,19.1
2023-04-05,type_1,3458.19,35.19,0,0,market_4,18.7
2023-04-05,type_2,1898.91,30.66,0,0,market_4,18.7
2023-04-06,type_1,2808.56,56.5,0,0,market_4,20.0
2023-04-06,type_2,1436.56,31.21,0,0,market_4,20.0
2023-04-08,type_1,3485.68,37.0,0,1,market_4,18.8
2023-04-08,type_2,1593.27,30.48,0,1,market_4,18.8
2023-04-10,type_1,2818.06,33.2,0,0,market_4,23.9
2023-04-10,type_2,1248.24,29.07,0,0,market_4,23.9
2023-04-11,type_1,2486.94,36.09,0,0,market_4,21.8
2023-04-11,type_2,1524.2,28.76,0,0,market_4,21.8
2023-04-12,type_1,2615.0,36.88,0,0,market_4,23.2
2023-04-12,type_2,1278.95,31.6,0,0,market_4,23.2
2023-04-13,type_1,2439.8,34.67,0,0,market_4,20.0
2023-04-13,type_2,1251.03,28.77,0,0,market_4,20.0
2023-04-14,type_1,2739.53,33.33,0,1,market_4,19.2
2023-04-14,type_2,1404.88,30.0,0,1,market_4,19.2
2023-04-15,type_1,3708.46,38.65,0,1,market_4,20.3
2023-04-15,type_2,1299.31,30.1,0,1,market_4,20.3
2023-04-17,type_1,2375.84,33.89,0,0,market_4,21.2
2023-04-17,type_2,1422.31,29.93,0,0,market_4,21.2
2023-04-18,type_1,2365.8,33.2,0,0,market_4,20.3
2023-04-18,type_2,1219.99,31.45,0,0,market_4,20.3
2023-04-19,type_1,2444.68,29.33,0,0,market_4,20.4
2023-04-19,type_2,1339.04,30.68,0,0,market_4,20.4
2023-04-20,type_1,2221.86,32.96,0,0,market_4,19.9
2023-04-20,type_2,1254.7,28.38,0,0,market_4,19.9
2023-04-21,type_1,2258.73,42.07,1,1,market_4,19.5
2023-04-21,type_2,1210.39,29.12,0,1,market_4,19.5
2023-04-22,type_1,3364.38,36.82,0,1,market_4,20.2
2023-04-22,type_2,1366.15,30.61,0,1,market_4,20.2
2023-04-24,type_1,2551.09,35.88,0,0,market_4,20.8
2023-04-24,type_2,1291.8,29.55,0,0,market_4,20.8
2023-04-25,type_1,2101.41,50.42,0,0,market_4,20.4
2023-04-25,type_2,1343.2,30.95,0,0,market_4,20.4
2023-04-26,type_1,2747.79,49.8,0,0,market_4,21.6
2023-04-26,type_2,1144.71,31.45,0,0,market_4,21.6
2023-04-27,type_1,2265.54,62.54,0,0,market_4,20.7
2023-04-27,type_2,1182.41,31.01,0,0,market_4,20.7
2023-04-28,type_1,2468.66,37.59,0,1,market_4,20.8
2023-04-28,type_2,1341.58,29.58,0,1,market_4,20.8
2023-04-29,type_1,3310.14,39.5,0,1,market_4,22.7
2023-04-29,type_2,1375.78,29.63,0,1,market_4,22.7
2023-05-01,type_1,1663.77,30.77,1,0,market_4,23.2
2023-05-01,type_2,771.43,33.19,0,0,market_4,23.2
2023-05-02,type_1,3000.07,35.37,0,0,market_4,21.3
2023-05-02,type_2,1136.01,28.72,0,0,market_4,21.3
2023-05-03,type_1,2611.81,35.91,0,0,market_4,22.8
2023-05-03,type_2,1171.25,31.19,0,0,market_4,22.8
2023-05-04,type_1,2527.2,38.82,0,0,market_4,22.6
2023-05-04,type_2,1306.56,30.86,0,0,market_4,22.6
2023-05-05,type_1,3091.26,35.42,0,1,market_4,21.4
2023-05-05,type_2,1339.81,28.96,0,1,market_4,21.4
2023-05-06,type_1,3630.64,34.78,0,1,market_4,22.0
2023-05-06,type_2,1558.68,31.02,0,1,market_4,22.0
2023-05-08,type_1,2618.75,34.41,1,0,market_4,22.0
2023-05-08,type_2,1263.57,29.14,0,0,market_4,22.0
2023-05-09,type_1,2434.6,34.32,1,0,market_4,23.4
2023-05-09,type_2,1548.52,29.85,0,0,market_4,23.4
2023-05-10,type_1,2636.74,32.61,1,0,market_4,23.0
2023-05-10,type_2,1165.27,30.0,0,0,market_4,23.0
2023-05-11,type_1,2737.69,31.7,1,0,market_4,21.7
2023-05-11,type_2,1267.36,28.87,0,0,market_4,21.7
2023-05-12,type_1,2401.44,34.48,1,1,market_4,20.9
2023-05-12,type_2,1362.54,29.32,0,1,market_4,20.9
2023-05-13,type_1,3594.31,36.07,0,1,market_4,20.9
2023-05-13,type_2,1485.97,27.42,0,1,market_4,20.9
2023-05-15,type_1,1979.67,31.16,0,0,market_4,21.0
2023-05-15,type_2,1419.96,29.15,0,0,market_4,21.0
2023-05-16,type_1,2672.5,31.25,0,0,market_4,20.6
2023-05-16,type_2,1377.86,29.83,0,0,market_4,20.6
2023-05-17,type_1,2297.49,30.0,0,0,market_4,20.9
2023-05-17,type_2,1258.35,33.39,0,0,market_4,20.9
2023-05-18,type_1,2384.83,35.83,0,0,market_4,20.6
2023-05-18,type_2,1309.35,31.62,0,0,market_4,20.6
2023-05-19,type_1,2419.27,31.32,0,1,market_4,20.8
2023-05-19,type_2,1332.48,29.76,0,1,market_4,20.8
2023-05-20,type_1,2857.71,41.5,0,1,market_4,20.7
2023-05-20,type_2,1340.78,32.69,0,1,market_4,20.7
2023-05-22,type_1,2663.85,36.36,0,0,market_4,20.3
2023-05-22,type_2,1552.9,27.87,0,0,market_4,20.3
2023-05-23,type_1,2249.29,36.35,0,0,market_4,20.5
2023-05-23,type_2,1314.32,28.54,0,0,market_4,20.5
2023-05-24,type_1,2354.0,35.79,0,0,market_4,20.2
2023-05-24,type_2,1354.55,29.5,0,0,market_4,20.2
2023-05-25,type_1,2527.33,32.5,0,0,market_4,19.7
2023-05-25,type_2,1449.46,29.39,0,0,market_4,19.7
2023-05-26,type_1,2760.34,30.0,0,1,market_4,19.8
2023-05-26,type_2,1235.76,30.34,0,1,market_4,19.8
2023-05-27,type_1,3444.69,38.95,0,1,market_4,20.6
2023-05-27,type_2,1452.53,34.47,0,1,market_4,20.6
2023-05-28,type_1,0.0,100.0,0,1,market_4,20.6
2023-05-29,type_1,3591.43,29.43,0,0,market_4,21.1
2023-05-29,type_2,1842.35,29.55,0,0,market_4,21.1
2023-05-31,type_1,2363.19,31.08,0,0,market_4,21.3
2023-05-31,type_2,1191.87,36.4,0,0,market_4,21.3
2023-06-01,type_1,2779.2,34.24,0,0,market_4,22.3
2023-06-01,type_2,1275.85,30.65,0,0,market_4,22.3
2023-06-02,type_1,2669.63,35.96,1,1,market_4,23.1
2023-06-02,type_2,1380.83,30.45,1,1,market_4,23.1
2023-06-03,type_1,3801.88,49.13,0,1,market_4,22.9
2023-06-03,type_2,1353.71,29.67,0,1,market_4,22.9
2023-06-05,type_1,2630.57,43.13,0,0,market_4,21.6
2023-06-05,type_2,1534.32,30.16,0,0,market_4,21.6
2023-06-06,type_1,2429.59,61.61,0,0,market_4,23.1
2023-06-06,type_2,1280.48,32.3,0,0,market_4,23.1
2023-06-07,type_1,2645.12,54.06,0,0,market_4,24.2
2023-06-07,type_2,1459.13,34.39,0,0,market_4,24.2
2023-06-08,type_1,2682.97,53.9,1,0,market_4,24.4
2023-06-08,type_2,1322.71,32.28,0,0,market_4,24.4
2023-06-09,type_1,2712.42,38.08,0,1,market_4,22.5
2023-06-09,type_2,1334.36,31.85,0,1,market_4,22.5
2023-06-10,type_1,3515.11,41.11,0,1,market_4,21.9
2023-06-10,type_2,1356.37,31.68,0,1,market_4,21.9
2023-06-12,type_1,2554.13,44.41,0,0,market_4,23.6
2023-06-12,type_2,1372.29,31.57,0,0,market_4,23.6
2023-06-13,type_1,2331.09,38.05,0,0,market_4,23.4
2023-06-13,type_2,1311.52,31.39,0,0,market_4,23.4
2023-06-14,type_1,2680.09,36.84,0,0,market_4,23.6
2023-06-14,type_2,1354.02,32.98,0,0,market_4,23.6
2023-06-15,type_1,2279.76,54.4,0,0,market_4,23.4
2023-06-15,type_2,1280.56,31.15,0,0,market_4,23.4
2023-06-16,type_1,2305.23,38.24,0,1,market_4,24.6
2023-06-16,type_2,1138.43,32.62,0,1,market_4,24.6
2023-06-17,type_1,3088.68,38.63,0,1,market_4,24.1
2023-06-17,type_2,1276.29,31.12,0,1,market_4,24.1
2023-06-19,type_1,2270.96,40.33,0,0,market_4,23.3
2023-06-19,type_2,1361.26,42.95,0,0,market_4,23.3
2023-06-20,type_1,2214.89,46.5,0,0,market_4,23.2
2023-06-20,type_2,1307.23,31.75,0,0,market_4,23.2
2023-06-21,type_1,2258.26,36.86,0,0,market_4,23.1
2023-06-21,type_2,1261.82,31.67,0,0,market_4,23.1
2023-06-22,type_1,2539.38,37.92,1,0,market_4,23.8
2023-06-22,type_2,1032.15,35.77,0,0,market_4,23.8
2023-06-23,type_1,2245.94,42.56,0,1,market_4,24.1
2023-06-23,type_2,1121.33,35.0,0,1,market_4,24.1
2023-06-24,type_1,3230.62,46.22,0,1,market_4,24.2
2023-06-24,type_2,1214.5,33.12,0,1,market_4,24.2
2023-06-26,type_1,3035.43,30.79,0,0,market_4,24.4
2023-06-26,type_2,1422.63,35.0,0,0,market_4,24.4
2023-06-27,type_1,2625.15,50.29,0,0,market_4,26.7
2023-06-27,type_2,1015.36,31.62,0,0,market_4,26.7
2023-06-28,type_1,2928.04,34.74,0,0,market_4,28.5
2023-06-28,type_2,1127.94,36.11,0,0,market_4,28.5
2023-06-29,type_1,3054.09,39.38,0,0,market_4,25.1
2023-06-29,type_2,1151.54,37.74,0,0,market_4,25.1
2023-06-30,type_1,3078.31,34.67,0,1,market_4,24.2
2023-06-30,type_2,1441.47,36.21,0,1,market_4,24.2
2023-07-01,type_1,4597.18,35.41,0,1,market_4,23.8
2023-07-01,type_2,1556.27,32.36,0,1,market_4,23.8
2023-07-03,type_1,3492.55,39.46,0,0,market_4,25.0
2023-07-03,type_2,2126.28,33.3,0,0,market_4,25.0
2023-07-04,type_1,3457.76,36.0,0,0,market_4,24.8
2023-07-04,type_2,1689.34,32.03,0,0,market_4,24.8
2023-07-05,type_1,3110.74,51.0,0,0,market_4,25.3
2023-07-05,type_2,1436.71,34.92,0,0,market_4,25.3
2023-07-06,type_1,3202.69,51.37,0,0,market_4,24.3
2023-07-06,type_2,1547.61,34.81,0,0,market_4,24.3
2023-07-07,type_1,2941.72,42.9,0,1,market_4,24.2
2023-07-07,type_2,1496.56,36.89,0,1,market_4,24.2
2023-07-08,type_1,4096.85,66.79,0,1,market_4,24.1
2023-07-08,type_2,1511.74,32.07,0,1,market_4,24.1
2023-07-10,type_1,2720.12,37.37,0,0,market_4,25.3
2023-07-10,type_2,1620.95,33.51,0,0,market_4,25.3
2023-07-11,type_1,2886.94,33.26,0,0,market_4,25.5
2023-07-11,type_2,1406.53,34.68,0,0,market_4,25.5
2023-07-12,type_1,3147.33,32.38,0,0,market_4,26.4
2023-07-12,type_2,1269.46,36.67,0,0,market_4,26.4
2023-07-13,type_1,3144.47,32.89,0,0,market_4,27.8
2023-07-13,type_2,1437.96,35.93,0,0,market_4,27.8
2023-07-14,type_1,3008.4,51.6,0,1,market_4,26.2
2023-07-14,type_2,1513.97,33.58,0,1,market_4,26.2
2023-07-15,type_1,3615.1,44.29,0,1,market_4,25.0
2023-07-15,type_2,1470.7,31.4,0,1,market_4,25.0
2023-07-17,type_1,3211.19,43.75,0,0,market_4,24.1
2023-07-17,type_2,1500.65,32.54,0,0,market_4,24.1
2023-07-18,type_1,2891.96,50.0,0,0,market_4,24.8
2023-07-18,type_2,1340.33,36.8,0,0,market_4,24.8
2023-07-19,type_1,2589.74,34.42,0,0,market_4,24.9
2023-07-19,type_2,1289.31,37.96,0,0,market_4,24.9
2023-07-20,type_1,2910.96,43.33,0,0,market_4,24.6
2023-07-20,type_2,1410.48,39.68,0,0,market_4,24.6
2023-07-21,type_1,2916.1,40.0,0,1,market_4,24.8
2023-07-21,type_2,1308.07,36.96,0,1,market_4,24.8
2023-07-22,type_1,3460.34,43.6,0,1,market_4,24.5
2023-07-22,type_2,1566.21,34.55,0,1,market_4,24.5
2023-07-24,type_1,2904.93,58.15,0,0,market_4,24.0
2023-07-24,type_2,1570.0,41.97,0,0,market_4,24.0
2023-07-25,type_1,3065.36,52.11,0,0,market_4,24.7
2023-07-25,type_2,1381.95,36.55,1,0,market_4,24.7
2023-07-26,type_1,2918.52,59.59,0,0,market_4,24.6
2023-07-26,type_2,1470.61,38.02,0,0,market_4,24.6
2023-07-27,type_1,3058.31,46.88,0,0,market_4,24.1
2023-07-27,type_2,1248.64,36.67,0,0,market_4,24.1
2023-07-28,type_1,2848.94,44.58,0,1,market_4,24.6
2023-07-28,type_2,1622.41,41.47,0,1,market_4,24.6
2023-07-29,type_1,3429.26,44.12,1,1,market_4,24.8
2023-07-29,type_2,1622.86,34.91,0,1,market_4,24.8
2023-07-31,type_1,3496.42,42.89,1,0,market_4,25.3
2023-07-31,type_2,1569.73,34.92,0,0,market_4,25.3
2023-08-01,type_1,3234.73,44.0,1,0,market_4,25.1
2023-08-01,type_2,1725.73,33.47,0,0,market_4,25.1
2023-08-02,type_1,3955.27,43.33,1,0,market_4,24.9
2023-08-02,type_2,1424.78,35.48,0,0,market_4,24.9
2023-08-03,type_1,3298.04,48.91,0,0,market_4,25.3
2023-08-03,type_2,1588.59,33.77,0,0,market_4,25.3
2023-08-04,type_1,3243.65,39.0,0,1,market_4,24.3
2023-08-04,type_2,2098.31,35.42,0,1,market_4,24.3
2023-08-05,type_1,4088.83,40.32,1,1,market_4,24.3
2023-08-05,type_2,1593.67,34.77,0,1,market_4,24.3
2023-08-07,type_1,2914.08,40.0,0,0,market_4,24.9
2023-08-07,type_2,1523.68,36.27,0,0,market_4,24.9
2023-08-08,type_1,2867.94,50.43,1,0,market_4,24.3
2023-08-08,type_2,1473.41,33.93,0,0,market_4,24.3
2023-08-09,type_1,3106.98,60.72,0,0,market_4,25.1
2023-08-09,type_2,1374.13,37.19,0,0,market_4,25.1
2023-08-10,type_1,3106.98,55.27,0,0,market_4,27.9
2023-08-10,type_2,1458.11,37.79,0,0,market_4,27.9
2023-08-11,type_1,3301.39,49.83,1,1,market_4,30.9
2023-08-11,type_2,1627.15,36.5,0,1,market_4,30.9
2023-08-12,type_1,4170.3,38.42,0,1,market_4,30.7
2023-08-12,type_2,1450.07,37.42,0,1,market_4,30.7
2023-08-14,type_1,3506.88,52.5,0,0,market_4,26.7
2023-08-14,type_2,1749.16,33.89,0,0,market_4,26.7
2023-08-15,type_1,2017.14,44.58,0,0,market_4,25.4
2023-08-15,type_2,950.64,35.71,0,0,market_4,25.4
2023-08-16,type_1,3994.68,46.0,0,0,market_4,24.6
2023-08-16,type_2,1497.35,33.66,0,0,market_4,24.6
2023-08-17,type_1,2827.02,41.56,0,0,market_4,25.1
2023-08-17,type_2,1276.23,36.56,0,0,market_4,25.1
2023-08-18,type_1,3343.89,43.7,0,1,market_4,26.2
2023-08-18,type_2,1185.34,37.89,0,1,market_4,26.2
2023-08-19,type_1,4025.61,37.86,0,1,market_4,25.9
2023-08-19,type_2,1540.43,32.74,0,1,market_4,25.9
2023-08-21,type_1,3582.99,38.0,0,0,market_4,27.6
2023-08-21,type_2,1576.61,37.78,0,0,market_4,27.6
2023-08-22,type_1,3806.85,40.29,0,0,market_4,28.7
2023-08-22,type_2,1512.77,39.15,0,0,market_4,28.7
2023-08-23,type_1,3345.26,52.58,0,0,market_4,26.9
2023-08-23,type_2,1619.86,42.31,0,0,market_4,26.9
2023-08-24,type_1,3076.61,43.53,0,0,market_4,25.9
2023-08-24,type_2,1411.61,45.79,0,0,market_4,25.9
2023-08-26,type_1,4162.92,42.22,0,1,market_4,26.6
2023-08-26,type_2,1859.4,35.12,0,1,market_4,26.6
2023-08-28,type_1,3828.71,62.0,0,0,market_4,24.8
2023-08-28,type_2,1884.92,35.0,0,0,market_4,24.8
2023-08-29,type_1,3485.04,47.78,0,0,market_4,25.0
2023-08-29,type_2,1531.26,39.17,0,0,market_4,25.0
2023-08-30,type_1,3376.25,41.9,0,0,market_4,25.1
2023-08-30,type_2,1665.28,39.45,0,0,market_4,25.1
2023-08-31,type_1,3499.81,37.35,0,0,market_4,24.5
2023-08-31,type_2,1536.81,34.17,0,0,market_4,24.5
2023-09-01,type_1,3556.14,41.11,0,1,market_4,24.6
2023-09-01,type_2,1305.87,35.89,0,1,market_4,24.6
2023-09-02,type_1,4547.8,50.0,1,1,market_4,25.2
2023-09-02,type_2,1687.27,31.9,0,1,market_4,25.2
2023-09-04,type_1,4227.31,42.35,0,0,market_4,23.3
2023-09-04,type_2,1960.27,36.0,0,0,market_4,23.3
2023-09-05,type_1,3529.96,57.7,0,0,market_4,23.6
2023-09-05,type_2,1357.9,39.4,0,0,market_4,23.6
2023-09-06,type_1,3482.36,52.11,0,0,market_4,23.7
2023-09-06,type_2,1565.37,40.18,0,0,market_4,23.7
2023-09-07,type_1,3479.62,46.39,0,0,market_4,23.7
2023-09-07,type_2,1704.36,36.38,0,0,market_4,23.7
2023-09-08,type_1,3119.48,47.91,0,1,market_4,24.1
2023-09-08,type_2,1267.33,36.36,0,1,market_4,24.1
2023-09-09,type_1,3965.81,59.23,0,1,market_4,24.4
2023-09-09,type_2,1380.68,32.88,0,1,market_4,24.4
2023-09-11,type_1,3059.33,45.0,0,0,market_4,24.7
2023-09-11,type_2,1502.3,37.78,0,0,market_4,24.7
2023-09-12,type_1,2819.62,59.52,1,0,market_4,24.8
2023-09-12,type_2,1327.14,37.75,0,0,market_4,24.8
2023-09-13,type_1,2594.26,58.2,1,0,market_4,24.9
2023-09-13,type_2,1472.75,32.56,1,0,market_4,24.9
2023-09-14,type_1,2711.42,45.48,0,0,market_4,24.9
2023-09-14,type_2,1249.95,41.1,0,0,market_4,24.9
2023-09-16,type_1,4564.1,50.65,0,1,market_4,24.1
2023-09-16,type_2,1878.98,34.23,0,1,market_4,24.1
2023-09-18,type_1,2612.65,62.94,0,0,market_4,23.6
2023-09-18,type_2,1636.57,35.45,0,0,market_4,23.6
2023-09-19,type_1,2554.38,51.28,1,0,market_4,22.7
2023-09-19,type_2,1578.6,35.69,0,0,market_4,22.7
2023-09-20,type_1,2788.37,42.67,0,0,market_4,24.3
2023-09-20,type_2,1571.05,38.13,0,0,market_4,24.3
2023-09-21,type_1,2310.54,48.0,0,0,market_4,24.2
2023-09-21,type_2,1335.5,37.84,0,0,market_4,24.2
2023-09-22,type_1,2802.16,36.96,0,1,market_4,24.7
2023-09-22,type_2,1385.53,38.58,0,1,market_4,24.7
2023-09-23,type_1,4301.36,48.51,0,1,market_4,24.3
2023-09-23,type_2,1603.04,33.28,0,1,market_4,24.3
2023-09-25,type_1,3114.15,48.08,0,0,market_4,24.3
2023-09-25,type_2,1690.89,37.82,0,0,market_4,24.3
2023-09-26,type_1,2598.09,40.69,0,0,market_4,24.3
2023-09-26,type_2,1535.54,33.43,0,0,market_4,24.3
2023-09-27,type_1,2578.33,41.43,1,0,market_4,24.6
2023-09-27,type_2,1230.54,32.33,0,0,market_4,24.6
2023-09-28,type_1,2611.45,50.0,0,0,market_4,24.7
2023-09-28,type_2,1331.48,37.13,0,0,market_4,24.7
2023-09-29,type_1,3190.15,36.77,0,1,market_4,24.9
2023-09-29,type_2,1544.95,33.08,0,1,market_4,24.9
2023-09-30,type_1,4165.51,54.32,0,1,market_4,24.4
2023-09-30,type_2,1642.16,33.58,0,1,market_4,24.4
2023-10-02,type_1,3148.01,46.88,0,0,market_4,25.2
2023-10-02,type_2,1648.29,35.23,0,0,market_4,25.2
2023-10-03,type_1,3253.47,35.61,1,0,market_4,27.0
2023-10-03,type_2,1739.26,35.15,0,0,market_4,27.0
2023-10-04,type_1,3571.05,48.2,0,0,market_4,25.4
2023-10-04,type_2,1588.02,36.64,0,0,market_4,25.4
2023-10-05,type_1,3262.27,42.5,0,0,market_4,25.6
2023-10-05,type_2,1582.59,34.57,0,0,market_4,25.6
2023-10-06,type_1,3000.65,36.6,0,1,market_4,26.2
2023-10-06,type_2,1429.05,34.55,0,1,market_4,26.2
2023-10-07,type_1,4745.34,50.0,0,1,market_4,28.3
2023-10-07,type_2,1843.75,35.0,0,1,market_4,28.3
2023-10-09,type_1,3116.18,43.33,1,0,market_4,27.3
2023-10-09,type_2,1736.58,35.5,0,0,market_4,27.3
2023-10-10,type_1,3272.75,44.0,0,0,market_4,26.4
2023-10-10,type_2,1575.38,37.48,0,0,market_4,26.4
2023-10-11,type_1,3825.49,43.85,0,0,market_4,25.2
2023-10-11,type_2,1835.14,32.66,0,0,market_4,25.2
2023-10-12,type_1,2435.83,51.18,0,0,market_4,24.8
2023-10-12,type_2,952.84,32.96,0,0,market_4,24.8
2023-10-13,type_1,4205.6,55.81,0,1,market_4,27.4
2023-10-13,type_2,1700.7,32.54,0,1,market_4,27.4
2023-10-14,type_1,4258.54,49.27,0,1,market_4,26.4
2023-10-14,type_2,1417.63,33.3,0,1,market_4,26.4
2023-10-16,type_1,2989.08,47.44,0,0,market_4,25.7
2023-10-16,type_2,1774.1,35.31,0,0,market_4,25.7
2023-10-17,type_1,2710.04,51.86,0,0,market_4,25.5
2023-10-17,type_2,1380.29,33.27,0,0,market_4,25.5
2023-10-18,type_1,3044.92,48.07,0,0,market_4,24.4
2023-10-18,type_2,1552.2,37.6,0,0,market_4,24.4
2023-10-19,type_1,2643.18,52.14,0,0,market_4,24.4
2023-10-19,type_2,1466.67,38.95,0,0,market_4,24.4
2023-10-20,type_1,2855.43,46.53,1,1,market_4,24.6
2023-10-20,type_2,1474.51,32.63,0,1,market_4,24.6
2023-10-21,type_1,3517.5,48.91,0,1,market_4,22.9
2023-10-21,type_2,1431.4,34.95,0,1,market_4,22.9
2023-10-23,type_1,2924.41,55.71,0,0,market_4,22.7
2023-10-23,type_2,1504.99,39.65,1,0,market_4,22.7
2023-10-24,type_1,2868.47,50.8,0,0,market_4,22.4
2023-10-24,type_2,1552.0,39.8,0,0,market_4,22.4
2023-10-25,type_1,2566.39,50.0,0,0,market_4,23.0
2023-10-25,type_2,1398.88,34.49,1,0,market_4,23.0
2023-10-26,type_1,3146.95,48.48,1,0,market_4,23.7
2023-10-26,type_2,1705.55,36.93,1,0,market_4,23.7
2023-10-27,type_1,2864.78,34.17,0,1,market_4,23.8
2023-10-27,type_2,1663.48,40.19,0,1,market_4,23.8
2023-10-28,type_1,4641.14,50.83,0,1,market_4,22.6
2023-10-28,type_2,1961.85,35.34,0,1,market_4,22.6
2023-10-30,type_1,3010.39,46.54,0,0,market_4,22.1
2023-10-30,type_2,1740.53,32.04,0,0,market_4,22.1
2023-10-31,type_1,2763.11,40.89,0,0,market_4,22.6
2023-10-31,type_2,1361.34,34.85,0,0,market_4,22.6
2023-11-02,type_1,3552.72,41.03,0,0,market_4,23.9
2023-11-02,type_2,1765.46,37.52,1,0,market_4,23.9
2023-11-03,type_1,3444.26,39.4,0,1,market_4,23.3
2023-11-03,type_2,1654.74,34.41,1,1,market_4,23.3
2023-11-04,type_1,5155.74,44.6,0,1,market_4,22.8
2023-11-04,type_2,2482.33,31.74,0,1,market_4,22.8
2023-11-06,type_1,3784.94,45.74,0,0,market_4,21.1
2023-11-06,type_2,2040.26,37.33,1,0,market_4,21.1
2023-11-07,type_1,3031.01,32.0,0,0,market_4,21.3
2023-11-07,type_2,2122.31,36.5,0,0,market_4,21.3
2023-11-08,type_1,3306.34,34.22,0,0,market_4,21.5
2023-11-08,type_2,1907.67,37.27,0,0,market_4,21.5
2023-11-09,type_1,2998.6,53.27,1,0,market_4,21.8
2023-11-09,type_2,1756.77,38.22,1,0,market_4,21.8
2023-11-10,type_1,3507.32,49.41,0,1,market_4,22.4
2023-11-10,type_2,1905.15,34.23,0,1,market_4,22.4
2023-11-11,type_1,4760.88,35.63,0,1,market_4,22.4
2023-11-11,type_2,1979.86,31.17,0,1,market_4,22.4
2023-11-13,type_1,3154.22,36.36,0,0,market_4,22.9
2023-11-13,type_2,1625.49,35.49,0,0,market_4,22.9
2023-11-14,type_1,3098.96,46.94,0,0,market_4,24.2
2023-11-14,type_2,1830.72,35.56,0,0,market_4,24.2
2023-11-15,type_1,3725.46,48.57,0,0,market_4,24.1
2023-11-15,type_2,1839.16,34.92,1,0,market_4,24.1
2023-11-16,type_1,3472.57,48.89,1,0,market_4,24.3
2023-11-16,type_2,1602.75,35.53,0,0,market_4,24.3
2023-11-17,type_1,3437.71,42.68,0,1,market_4,21.5
2023-11-17,type_2,1610.63,37.41,0,1,market_4,21.5
2023-11-18,type_1,4378.92,42.86,0,1,market_4,20.2
2023-11-18,type_2,1969.55,34.89,0,1,market_4,20.2
2023-11-20,type_1,3110.74,48.0,0,0,market_4,21.8
2023-11-20,type_2,2030.68,35.49,0,0,market_4,21.8
2023-11-21,type_1,2940.99,51.11,1,0,market_4,22.8
2023-11-21,type_2,1862.69,37.37,1,0,market_4,22.8
2023-11-22,type_1,3069.63,46.94,1,0,market_4,20.9
2023-11-22,type_2,1934.25,35.9,0,0,market_4,20.9
2023-11-23,type_1,3250.42,49.06,0,0,market_4,20.8
2023-11-23,type_2,1905.81,35.34,0,0,market_4,20.8
2023-11-24,type_1,4177.8,40.59,1,1,market_4,20.7
2023-11-24,type_2,1931.67,34.73,0,1,market_4,20.7
2023-11-25,type_1,4653.76,37.08,0,1,market_4,19.9
2023-11-25,type_2,1948.32,36.3,0,1,market_4,19.9
2023-11-26,type_1,2168.43,40.0,0,1,market_4,19.1
2023-11-26,type_2,945.89,35.16,0,1,market_4,19.1
2023-11-27,type_1,3187.62,42.86,0,0,market_4,19.1
2023-11-27,type_2,1592.97,36.45,0,0,market_4,19.1
2023-11-28,type_1,2922.95,44.48,0,0,market_4,18.8
2023-11-28,type_2,2349.47,37.67,0,0,market_4,18.8
2023-11-29,type_1,3051.9,43.24,0,0,market_4,19.3
2023-11-29,type_2,1626.77,33.55,0,0,market_4,19.3
2023-11-30,type_1,3042.32,41.71,0,0,market_4,20.9
2023-11-30,type_2,1878.06,37.03,0,0,market_4,20.9
2023-12-01,type_1,3114.87,41.63,0,1,market_4,21.4
2023-12-01,type_2,1791.05,34.09,0,1,market_4,21.4
2023-12-02,type_1,4184.88,53.78,0,1,market_4,19.5
2023-12-02,type_2,2116.65,35.19,0,1,market_4,19.5
2023-12-04,type_1,3330.56,44.42,0,0,market_4,18.6
2023-12-04,type_2,2138.81,38.23,0,0,market_4,18.6
2023-12-05,type_1,3518.82,40.0,0,0,market_4,19.6
2023-12-05,type_2,1787.11,33.89,0,0,market_4,19.6
2023-12-06,type_1,3935.65,45.93,0,0,market_4,20.3
2023-12-06,type_2,1709.69,37.31,0,0,market_4,20.3
2023-12-07,type_1,3842.16,39.2,0,0,market_4,19.1
2023-12-07,type_2,2321.82,35.37,0,0,market_4,19.1
2023-12-09,type_1,4732.85,59.17,0,1,market_4,21.6
2023-12-09,type_2,2099.01,35.56,0,1,market_4,21.6
2023-12-10,type_1,1940.64,36.17,0,1,market_4,20.4
2023-12-10,type_2,769.0,32.47,0,1,market_4,20.4
2023-12-11,type_1,3343.19,40.37,0,0,market_4,21.4
2023-12-11,type_2,1974.7,41.86,0,0,market_4,21.4
2023-12-12,type_1,3017.87,49.77,0,0,market_4,20.7
2023-12-12,type_2,1636.41,37.55,0,0,market_4,20.7
2023-12-13,type_1,2616.9,47.3,0,0,market_4,20.4
2023-12-13,type_2,1523.33,38.72,1,0,market_4,20.4
2023-12-14,type_1,2877.17,38.91,0,0,market_4,19.6
2023-12-14,type_2,1901.1,37.46,1,0,market_4,19.6
2023-12-15,type_1,2786.79,39.0,0,1,market_4,19.4
2023-12-15,type_2,1914.08,36.29,1,1,market_4,19.4
2023-12-16,type_1,4284.01,41.6,0,1,market_4,20.3
2023-12-16,type_2,1736.3,31.35,0,1,market_4,20.3
2023-12-17,type_1,2665.14,64.02,0,1,market_4,19.3
2023-12-17,type_2,1173.91,33.25,0,1,market_4,19.3
2023-12-18,type_1,3206.45,39.74,0,0,market_4,17.4
2023-12-18,type_2,2107.9,34.66,0,0,market_4,17.4
2023-12-19,type_1,3240.17,38.93,0,0,market_4,17.9
2023-12-19,type_2,1674.2,39.63,0,0,market_4,17.9
2023-12-20,type_1,2899.04,39.62,0,0,market_4,19.2
2023-12-20,type_2,2135.84,38.82,0,0,market_4,19.2
2023-12-21,type_1,3100.67,37.29,0,0,market_4,19.4
2023-12-21,type_2,2012.01,37.15,0,0,market_4,19.4
2023-12-22,type_1,3639.47,39.25,0,1,market_4,17.3
2023-12-22,type_2,2113.82,37.56,1,1,market_4,17.3
2023-12-23,type_1,3739.99,38.42,0,1,market_4,19.4
2023-12-23,type_2,1716.11,31.98,0,1,market_4,19.4
2023-12-24,type_1,1974.32,43.61,1,1,market_4,18.4
2023-12-24,type_2,823.18,30.98,0,1,market_4,18.4
2023-12-26,type_1,2804.81,32.56,0,0,market_4,18.3
2023-12-26,type_2,1449.55,34.86,0,0,market_4,18.3
2023-12-27,type_1,3147.43,41.96,0,0,market_4,17.7
2023-12-27,type_2,1275.54,32.55,0,0,market_4,17.7
2023-12-28,type_1,2987.22,41.46,0,0,market_4,17.4
2023-12-28,type_2,1942.81,36.45,0,0,market_4,17.4
2023-12-29,type_1,3663.36,37.42,0,1,market_4,18.4
2023-12-29,type_2,1907.08,32.71,0,1,market_4,18.4
2023-12-30,type_1,4319.67,46.76,0,1,market_4,18.1
2023-12-30,type_2,1708.72,32.7,0,1,market_4,18.1
2023-12-31,type_1,1425.75,43.46,0,1,market_4,17.3
2023-12-31,type_2,725.0,36.76,0,1,market_4,17.3
2024-01-02,type_1,3262.51,45.0,0,0,market_4,18.3
2024-01-02,type_2,1648.24,34.25,0,0,market_4,18.3
2024-01-03,type_1,3929.99,44.72,0,0,market_4,18.4
2024-01-03,type_2,1602.95,36.1,0,0,market_4,18.4
2024-01-04,type_1,3465.87,36.6,0,0,market_4,18.6
2024-01-04,type_2,1715.62,35.9,0,0,market_4,18.6
2024-01-05,type_1,2780.74,38.94,0,1,market_4,19.6
2024-01-05,type_2,1688.43,38.43,0,1,market_4,19.6
2024-01-08,type_1,3407.58,36.86,0,0,market_4,17.6
2024-01-08,type_2,1746.98,40.0,0,0,market_4,17.6
2024-01-09,type_1,3492.75,36.22,0,0,market_4,18.3
2024-01-09,type_2,1724.52,35.21,0,0,market_4,18.3
2024-01-10,type_1,3136.72,37.06,0,0,market_4,18.7
2024-01-10,type_2,1736.83,34.6,0,0,market_4,18.7
2024-01-11,type_1,3183.65,35.0,0,0,market_4,18.7
2024-01-11,type_2,1612.89,37.26,0,0,market_4,18.7
2024-01-12,type_1,3230.61,35.1,1,1,market_4,19.7
2024-01-12,type_2,1391.64,32.0,0,1,market_4,19.7
2024-01-13,type_1,4409.46,39.17,0,1,market_4,19.3
2024-01-13,type_2,1909.22,33.05,0,1,market_4,19.3
2024-01-15,type_1,2504.32,44.21,0,0,market_4,18.9
2024-01-15,type_2,1543.9,35.25,0,0,market_4,18.9
2024-01-16,type_1,2852.65,41.25,0,0,market_4,22.4
2024-01-16,type_2,1428.83,35.45,0,0,market_4,22.4
2024-01-17,type_1,2500.47,43.0,0,0,market_4,20.1
2024-01-17,type_2,1347.8,34.35,0,0,market_4,20.1
2024-01-18,type_1,2977.77,36.23,1,0,market_4,19.7
2024-01-18,type_2,1538.5,37.8,0,0,market_4,19.7
2024-01-19,type_1,3205.75,43.9,0,1,market_4,20.3
2024-01-19,type_2,1821.59,34.25,0,1,market_4,20.3
2024-01-20,type_1,4282.01,38.92,1,1,market_4,18.5
2024-01-20,type_2,1782.96,33.53,0,1,market_4,18.5
2024-01-22,type_1,3056.2,36.32,0,0,market_4,18.4
2024-01-22,type_2,1607.17,34.54,0,0,market_4,18.4
2024-01-23,type_1,2983.22,35.58,0,0,market_4,19.1
2024-01-23,type_2,1586.34,37.3,0,0,market_4,19.1
2024-01-24,type_1,3241.91,42.71,0,0,market_4,19.2
2024-01-24,type_2,1408.13,35.85,0,0,market_4,19.2
2024-01-25,type_1,2830.7,43.2,0,0,market_4,19.4
2024-01-25,type_2,1335.28,38.02,0,0,market_4,19.4
2024-01-26,type_1,3068.76,36.25,0,1,market_4,19.9
2024-01-26,type_2,1559.31,34.02,0,1,market_4,19.9
2024-01-27,type_1,4454.97,45.26,0,1,market_4,20.1
2024-01-27,type_2,1683.22,34.63,0,1,market_4,20.1
2024-01-29,type_1,2539.4,45.64,0,0,market_4,19.6
2024-01-29,type_2,1336.37,40.8,0,0,market_4,19.6
2024-01-30,type_1,2556.07,47.33,0,0,market_4,19.6
2024-01-30,type_2,1441.72,39.67,0,0,market_4,19.6
2024-01-31,type_1,3044.2,32.5,0,0,market_4,20.6
2024-01-31,type_2,1412.19,34.61,0,0,market_4,20.6
2024-02-01,type_1,3252.1,41.85,0,0,market_4,19.9
2024-02-01,type_2,1570.67,39.46,0,0,market_4,19.9
2024-02-02,type_1,3147.52,40.38,0,1,market_4,18.8
2024-02-02,type_2,1409.75,33.74,0,1,market_4,18.8
2024-02-03,type_1,4383.23,41.96,1,1,market_4,18.7
2024-02-03,type_2,1588.2,33.21,0,1,market_4,18.7
2024-02-05,type_1,2849.94,38.91,0,0,market_4,19.8
2024-02-05,type_2,1577.66,39.48,0,0,market_4,19.8
2024-02-06,type_1,3161.99,39.68,0,0,market_4,19.2
2024-02-06,type_2,1389.99,33.08,0,0,market_4,19.2
2024-02-07,type_1,2989.22,41.09,1,0,market_4,18.8
2024-02-07,type_2,1629.45,33.31,1,0,market_4,18.8
2024-02-08,type_1,2611.53,32.46,0,0,market_4,19.1
2024-02-08,type_2,1425.47,32.84,0,0,market_4,19.1
2024-02-09,type_1,2958.78,37.5,0,1,market_4,22.8
2024-02-09,type_2,1700.79,34.37,0,1,market_4,22.8
2024-02-10,type_1,3550.07,42.86,0,1,market_4,21.1
2024-02-10,type_2,1366.3,35.0,0,1,market_4,21.1
2024-02-12,type_1,3199.1,42.03,1,0,market_4,20.0
2024-02-12,type_2,1555.64,32.96,0,0,market_4,20.0
2024-02-14,type_1,2972.51,40.37,0,0,market_4,23.0
2024-02-14,type_2,1665.06,34.42,1,0,market_4,23.0
2024-02-15,type_1,2609.78,45.32,0,0,market_4,21.5
2024-02-15,type_2,1709.24,35.88,0,0,market_4,21.5
2024-02-16,type_1,2990.93,41.29,0,1,market_4,19.6
2024-02-16,type_2,1338.21,35.78,0,1,market_4,19.6
2024-02-17,type_1,3321.9,42.75,0,1,market_4,20.4
2024-02-17,type_2,1454.51,37.19,0,1,market_4,20.4
2024-02-19,type_1,2520.99,50.38,0,0,market_4,20.3
2024-02-19,type_2,1378.54,40.92,0,0,market_4,20.3
2024-02-20,type_1,2705.92,62.5,0,0,market_4,19.4
2024-02-20,type_2,1742.06,38.63,1,0,market_4,19.4
2024-02-21,type_1,2855.14,55.6,0,0,market_4,19.3
2024-02-21,type_2,1440.65,35.91,0,0,market_4,19.3
2024-02-22,type_1,2441.96,55.2,1,0,market_4,19.0
2024-02-22,type_2,1228.34,36.55,0,0,market_4,19.0
2024-02-23,type_1,3282.89,53.4,0,1,market_4,19.6
2024-02-23,type_2,1369.79,35.35,0,1,market_4,19.6
2024-02-24,type_1,4598.28,50.8,0,1,market_4,19.2
2024-02-24,type_2,2004.2,32.36,0,1,market_4,19.2
2024-02-26,type_1,2935.71,53.11,0,0,market_4,18.7
2024-02-26,type_2,1740.01,33.2,0,0,market_4,18.7
2024-02-27,type_1,2680.11,50.0,0,0,market_4,18.4
2024-02-27,type_2,1362.33,34.11,0,0,market_4,18.4
2024-02-28,type_1,3570.25,48.33,0,0,market_4,18.5
2024-02-28,type_2,1565.11,36.61,0,0,market_4,18.5
2024-02-29,type_1,2781.27,54.87,1,0,market_4,19.1
2024-02-29,type_2,1475.51,38.88,0,0,market_4,19.1
2024-03-01,type_1,3502.07,54.09,0,1,market_4,18.6
2024-03-01,type_2,1743.17,34.85,0,1,market_4,18.6
2024-03-02,type_1,4617.09,55.37,0,1,market_4,18.5
2024-03-02,type_2,2109.59,35.66,0,1,market_4,18.5
2024-03-04,type_1,3460.11,47.58,0,0,market_4,18.8
2024-03-04,type_2,1624.96,37.67,0,0,market_4,18.8
2024-03-05,type_1,3238.89,58.57,1,0,market_4,18.7
2024-03-05,type_2,1434.27,35.75,0,0,market_4,18.7
2024-03-06,type_1,2809.25,58.93,0,0,market_4,17.8
2024-03-06,type_2,1529.36,37.87,1,0,market_4,17.8
2024-03-07,type_1,2700.66,52.2,1,0,market_4,18.6
2024-03-07,type_2,1348.15,35.25,0,0,market_4,18.6
2024-03-08,type_1,2958.53,63.18,1,1,market_4,17.7
2024-03-08,type_2,1460.37,34.63,0,1,market_4,17.7
2024-03-09,type_1,4196.28,56.0,0,1,market_4,19.6
2024-03-09,type_2,1866.47,30.19,0,1,market_4,19.6
2024-03-11,type_1,3398.06,57.41,0,0,market_4,18.8
2024-03-11,type_2,1576.94,39.67,0,0,market_4,18.8
2024-03-12,type_1,2503.98,49.08,0,0,market_4,18.2
2024-03-12,type_2,1483.11,40.33,0,0,market_4,18.2
2024-03-13,type_1,2499.2,58.75,0,0,market_4,19.2
2024-03-13,type_2,1203.86,38.28,0,0,market_4,19.2
2024-03-14,type_1,2502.2,54.83,0,0,market_4,18.8
2024-03-14,type_2,1199.88,39.8,0,0,market_4,18.8
2024-03-15,type_1,2642.45,67.24,0,1,market_4,18.5
2024-03-15,type_2,1466.8,34.93,1,1,market_4,18.5
2024-03-16,type_1,3277.66,56.0,1,1,market_4,19.4
2024-03-16,type_2,1296.65,35.04,1,1,market_4,19.4
2024-03-18,type_1,2936.29,53.86,0,0,market_4,21.5
2024-03-18,type_2,1460.24,38.32,0,0,market_4,21.5
2024-03-19,type_1,2908.61,68.8,0,0,market_4,20.3
2024-03-19,type_2,1464.33,40.36,0,0,market_4,20.3
2024-03-20,type_1,2484.22,63.39,0,0,market_4,19.8
2024-03-20,type_2,1729.19,35.11,0,0,market_4,19.8
2024-03-21,type_1,2739.81,57.31,0,0,market_4,19.3
2024-03-21,type_2,1520.86,31.95,0,0,market_4,19.3
2024-03-22,type_1,3187.51,66.39,0,1,market_4,17.1
2024-03-22,type_2,1561.55,35.29,0,1,market_4,17.1
2024-03-23,type_1,3669.85,48.55,0,1,market_4,16.5
2024-03-23,type_2,1986.03,32.35,0,1,market_4,16.5
2024-03-25,type_1,3917.91,56.46,0,0,market_4,18.7
2024-03-25,type_2,1994.41,37.5,0,0,market_4,18.7
2024-03-26,type_1,3850.05,59.18,0,0,market_4,18.2
2024-03-26,type_2,2040.99,36.95,0,0,market_4,18.2
2024-03-27,type_1,3730.1,52.55,0,0,market_4,18.1
2024-03-27,type_2,1777.18,32.76,0,0,market_4,18.1
2024-03-28,type_1,3272.6,60.18,0,0,market_4,18.9
2024-03-28,type_2,1384.59,30.34,0,0,market_4,18.9
2024-03-30,type_1,4538.66,58.63,0,1,market_4,19.4
2024-03-30,type_2,1989.68,35.2,0,1,market_4,19.4
